date,nacara,psanchezcerro,puchaca
1-Jan-08,,1.04,2.434
2-Jan-08,,0.83,1.707
3-Jan-08,,0.63,4.267
4-Jan-08,,0.4167,3.017
5-Jan-08,,0,3.629
6-Jan-08,,0.4167,4.267
7-Jan-08,,0.42,5.847
8-Jan-08,,0,16.691
9-Jan-08,,0,10.124
10-Jan-08,,0,5.383
11-Jan-08,,0,4.485
12-Jan-08,,0,3.218
13-Jan-08,,0,6.801
14-Jan-08,,1.04,10.392
15-Jan-08,,0,4.929
16-Jan-08,,0.42,8.55
17-Jan-08,,0,9.592
18-Jan-08,,0,5.614
19-Jan-08,,0.83,4.706
20-Jan-08,,0.83,6.319
21-Jan-08,,1.04,5.614
22-Jan-08,,0,4.485
23-Jan-08,,0,3.838
24-Jan-08,,0,7.045
25-Jan-08,,0,8.55
26-Jan-08,,0,5.614
27-Jan-08,,0,4.051
28-Jan-08,,1.46,2.434
29-Jan-08,,3.11,7.789
30-Jan-08,,0,10.124
31-Jan-08,,18.11,11.482
1-Feb-08,,25.4,6.801
2-Feb-08,,28.5,4.706
3-Feb-08,,63.5,3.017
4-Feb-08,,61.85,4.267
5-Feb-08,,76.36,2.625
6-Feb-08,,78.12,1.536
7-Feb-08,,61.125,8.808
8-Feb-08,,50.62,6.319
9-Feb-08,,42.56,11.482
10-Feb-08,,36.22,7.789
11-Feb-08,,34.5,6.559
12-Feb-08,,31.77,8.294
13-Feb-08,,29.41,14.903
14-Feb-08,,29.43,13.739
15-Feb-08,,29.72,15.198
16-Feb-08,,41.81,21.688
17-Feb-08,,67.86,17.298
18-Feb-08,,215.48,18.838
19-Feb-08,,311.9833,29.732
20-Feb-08,,517.4,32.9
21-Feb-08,,693.18,29.384
22-Feb-08,,577.8,25.633
23-Feb-08,,534.65,24.3
24-Feb-08,,469.83,21.688
25-Feb-08,,570.25,17.298
26-Feb-08,,714.5,18.218
27-Feb-08,,953.6,32.9
28-Feb-08,,1346.24,22.334
29-Feb-08,,,15.791
1-Mar-08,,1027.05,15.745
2-Mar-08,,431.88,12.823
3-Mar-08,,349.45,22.387
4-Mar-08,,360.78,19.909
5-Mar-08,,656.98,15.29
6-Mar-08,,612.95,11.074
7-Mar-08,,379.61,10.754
8-Mar-08,,419.5,10.754
9-Mar-08,,350.8,11.743
10-Mar-08,,302.02,9.563
11-Mar-08,,279.99,8.758
12-Mar-08,,310.76,9.563
13-Mar-08,,266.87,8.02
14-Mar-08,,342.44,9.018
15-Mar-08,,292.48,9.848
16-Mar-08,,237.4,11.743
17-Mar-08,,253.61,22.387
18-Mar-08,,419.12,16.696
19-Mar-08,,588.1,18.775
20-Mar-08,,726.01,19.909
21-Mar-08,,542.56,22.387
22-Mar-08,,418.43,23.054
23-Mar-08,,440.67,21.74
24-Mar-08,,337.33,17.193
25-Mar-08,,255.18,14.419
26-Mar-08,,346.64,15.29
27-Mar-08,,305.38,16.214
28-Mar-08,,294.54,28.308
29-Mar-08,,367.16,15.29
30-Mar-08,,789.53,46.606
31-Mar-08,,1009.17,35.794
1-Apr-08,,1667.93,
2-Apr-08,,1686.25,
3-Apr-08,,1826,
4-Apr-08,,1305.15,
5-Apr-08,,697.07,
6-Apr-08,,494.04,
7-Apr-08,,423.58,
8-Apr-08,,392.38,
9-Apr-08,,339.04,
10-Apr-08,,283.08,
11-Apr-08,,262.28,
12-Apr-08,,236.04,
13-Apr-08,,240.38,
14-Apr-08,,239.92,
15-Apr-08,,224.08,
16-Apr-08,,217.6,
17-Apr-08,,198.8,
18-Apr-08,,180.17,
19-Apr-08,,170.5,
20-Apr-08,,152.59,
21-Apr-08,,143.22,
22-Apr-08,,138.29,
23-Apr-08,,133.04,
24-Apr-08,,123.12,
25-Apr-08,,132.11,
26-Apr-08,,136.1,
27-Apr-08,,127.33,
28-Apr-08,,115.62,
29-Apr-08,,109.79,
30-Apr-08,,111.38,
1-May-08,,112.13,19.615
2-May-08,,126.3,15.764
3-May-08,,118.71,13.037
4-May-08,,109.64,11.19
5-May-08,,103.06,18.805
6-May-08,,97.19,15.764
7-May-08,,99.25,13.69
8-May-08,,93.79,13.037
9-May-08,,95.04,12.403
10-May-08,,94.76,10.612
11-May-08,,96.98,18.014
12-May-08,,107.09,15.053
13-May-08,,105.3,13.037
14-May-08,,103.59,12.403
15-May-08,,99.67,12.403
16-May-08,,99.08,10.612
17-May-08,,96.75,11.19
18-May-08,,97.36,11.19
19-May-08,,99.8958,10.051
20-May-08,,97.75,9.509
21-May-08,,96.33,8.478
22-May-08,,96.99,7.516
23-May-08,,99.71,10.612
24-May-08,,99,8.478
25-May-08,,99.52,8.478
26-May-08,,90.55,7.516
27-May-08,,100.21,7.061
28-May-08,,103.58,6.622
29-May-08,,103.42,7.061
30-May-08,,95.95,6.622
31-May-08,,94.28,5.795
1-Jun-08,,85,5.471
2-Jun-08,,88.29,5.214
3-Jun-08,,92.96,5.214
4-Jun-08,,91.48,4.724
5-Jun-08,,86.51,4.724
6-Jun-08,,84.33,4.491
7-Jun-08,,83.06,4.049
8-Jun-08,,71.1,3.839
9-Jun-08,,52,3.839
10-Jun-08,,52.09,3.839
11-Jun-08,,48.64,3.839
12-Jun-08,,49.16,3.839
13-Jun-08,,49.3,3.839
14-Jun-08,,48.16,3.839
15-Jun-08,,46.26,3.839
16-Jun-08,,44.12,4.266
17-Jun-08,,43.25,5.214
18-Jun-08,,41.71,4.724
19-Jun-08,,53.62,3.839
20-Jun-08,,46.94,3.839
21-Jun-08,,46.55,3.839
22-Jun-08,,44.8,3.839
23-Jun-08,,48.19,3.839
24-Jun-08,,57.59,8.887
25-Jun-08,,52.71,5.737
26-Jun-08,,60.75,4.491
27-Jun-08,,71.42,3.839
28-Jun-08,,77.29,3.839
29-Jun-08,,42.74,3.839
30-Jun-08,,37.81,3.839
1-Jul-08,,85,3.442
2-Jul-08,,49.65,3.442
3-Jul-08,,51.42,3.442
4-Jul-08,,51.79,3.442
5-Jul-08,,54.75,3.442
6-Jul-08,,57.38,3.442
7-Jul-08,,57.5,3.442
8-Jul-08,,57.5,3.442
9-Jul-08,,57.5,3.442
10-Jul-08,,56,3.442
11-Jul-08,,53.38,3.442
12-Jul-08,,54.67,3.442
13-Jul-08,,64.76,4.965
14-Jul-08,,54.83,4.049
15-Jul-08,,42.73,3.839
16-Jul-08,,43.5,3.637
17-Jul-08,,42.81,3.637
18-Jul-08,,42.5,3.442
19-Jul-08,,43.54,3.442
20-Jul-08,,44.68,3.442
21-Jul-08,,39.14,3.442
22-Jul-08,,35.86,3.442
23-Jul-08,,34.38,3.442
24-Jul-08,,30,3.442
25-Jul-08,,28.75,3.442
26-Jul-08,,29.38,3.442
27-Jul-08,,36.96,3.442
28-Jul-08,,38.5,3.442
29-Jul-08,,42.02,3.442
30-Jul-08,,44.17,3.442
31-Jul-08,,42.21,3.442
1-Aug-08,,36.69,1.52
2-Aug-08,,22,1.52
3-Aug-08,,16.55,1.52
4-Aug-08,,11.27,1.52
5-Aug-08,,7.83,1.52
6-Aug-08,,3.75,1.52
7-Aug-08,,3.12,1.52
8-Aug-08,,3.13,16.811
9-Aug-08,,5.29,11.89
10-Aug-08,,6.17,3.357
11-Aug-08,,6.17,1.712
12-Aug-08,,5,1.52
13-Aug-08,,5,1.52
14-Aug-08,,8.22,1.52
15-Aug-08,,10.75,1.52
16-Aug-08,,10.73,1.52
17-Aug-08,,,1.52
18-Aug-08,,,1.52
19-Aug-08,,3.58,1.52
20-Aug-08,,6.5,1.52
21-Aug-08,,1.88,1.52
22-Aug-08,,1.25,1.52
23-Aug-08,,1.67,1.52
24-Aug-08,,3.54,1.52
25-Aug-08,,1.04,1.52
26-Aug-08,,0.42,1.52
27-Aug-08,,0,1.52
28-Aug-08,,0,1.52
29-Aug-08,,0,1.52
30-Aug-08,,0,1.52
31-Aug-08,,0,1.52
1-Sep-08,,0,1.638
2-Sep-08,,0,1.638
3-Sep-08,,0,1.638
4-Sep-08,,0.2,1.638
5-Sep-08,,1.69,1.638
6-Sep-08,,0,1.638
7-Sep-08,,0.21,1.638
8-Sep-08,,1.88,5.453
9-Sep-08,,0.62,3.546
10-Sep-08,,0,1.638
11-Sep-08,,0,1.638
12-Sep-08,,0.42,1.638
13-Sep-08,,0,1.638
14-Sep-08,,0,1.638
15-Sep-08,,0,1.638
16-Sep-08,,0,1.638
17-Sep-08,,0.21,1.638
18-Sep-08,,0.83,1.638
19-Sep-08,,0,1.638
20-Sep-08,,0,1.638
21-Sep-08,,0.63,1.638
22-Sep-08,,0,1.638
23-Sep-08,,0,4.817
24-Sep-08,,0,1.638
25-Sep-08,,0.42,1.638
26-Sep-08,,0,1.638
27-Sep-08,,0.63,1.638
28-Sep-08,,1.04,1.638
29-Sep-08,,0,1.638
30-Sep-08,,0,1.638
1-Oct-08,,0,2.951
2-Oct-08,,0,2.951
3-Oct-08,,0,2.951
4-Oct-08,,0,2.951
5-Oct-08,,1.28,2.951
6-Oct-08,,0.83,2.951
7-Oct-08,,0,2.951
8-Oct-08,,0,2.951
9-Oct-08,,0,2.951
10-Oct-08,,0.42,2.951
11-Oct-08,,0.42,3.93
12-Oct-08,,0.83,2.951
13-Oct-08,,2.18,3.93
14-Oct-08,,0.75,10.785
15-Oct-08,,0.625,6.378
16-Oct-08,,0.83,2.951
17-Oct-08,,0.93,2.951
18-Oct-08,,0.02,2.951
19-Oct-08,,0,2.951
20-Oct-08,,2.5,2.951
21-Oct-08,,1.04,2.951
22-Oct-08,,0,2.951
23-Oct-08,,0,15.191
24-Oct-08,,0,7.357
25-Oct-08,,1.88,2.951
26-Oct-08,,0,2.951
27-Oct-08,,0,15.681
28-Oct-08,,0,7.847
29-Oct-08,,0,11.274
30-Oct-08,,2.29,11.274
31-Oct-08,,0,6.378
1-Nov-08,,0.63,5.191
2-Nov-08,,2.08,4.696
3-Nov-08,,7.82,9.01
4-Nov-08,,15.63,9.473
5-Nov-08,,11.5,9.96
6-Nov-08,,10.75,4.937
7-Nov-08,,10.81,3.476
8-Nov-08,,10.5,5.191
9-Nov-08,,5.17,5.458
10-Nov-08,,0.42,3.145
11-Nov-08,,0.21,3.655
12-Nov-08,,0,2.574
13-Nov-08,,0,2.845
14-Nov-08,,0,2.328
15-Nov-08,,0.08,2.003
16-Nov-08,,0,1.905
17-Nov-08,,1.25,1.905
18-Nov-08,,1.04,1.812
19-Nov-08,,0,1.483
20-Nov-08,,0.42,1.341
21-Nov-08,,0.21,1.213
22-Nov-08,,0,1.41
23-Nov-08,,0,1.41
24-Nov-08,,1.04,2.214
25-Nov-08,,1.46,1.905
26-Nov-08,,3.75,2.003
27-Nov-08,,6.42,2.706
28-Nov-08,,5.67,2.328
29-Nov-08,,6,2.003
30-Nov-08,,8.88,
1-Dec-08,,11.22,
2-Dec-08,,1.814,
3-Dec-08,,1.04,
4-Dec-08,,0,
5-Dec-08,,1.25,
6-Dec-08,,1.25,
7-Dec-08,,0.46,
8-Dec-08,,0,
9-Dec-08,,0,
10-Dec-08,,1,
11-Dec-08,,0.88,
12-Dec-08,,1.46,
13-Dec-08,,1.67,
14-Dec-08,,0.42,
15-Dec-08,,0.83,
16-Dec-08,,0,
17-Dec-08,,0,
18-Dec-08,,2.7083,
19-Dec-08,,0,
20-Dec-08,,0,
21-Dec-08,,0,
22-Dec-08,,0,
23-Dec-08,,0,
24-Dec-08,,0.63,
25-Dec-08,,0.63,
26-Dec-08,,0.83,
27-Dec-08,,0,
28-Dec-08,,0.42,
29-Dec-08,,5.21,
30-Dec-08,,0,
31-Dec-08,,0.63,
1-Jan-09,,1.67,1.289
2-Jan-09,,0.42,0.871
3-Jan-09,,0,0.658
4-Jan-09,,0.42,0.569
5-Jan-09,,1.46,0.569
6-Jan-09,,0.83,1.852
7-Jan-09,,0.21,8.991
8-Jan-09,,0.42,7.572
9-Jan-09,,2.23,6.933
10-Jan-09,,24.58,18.216
11-Jan-09,,38.33,93.091
12-Jan-09,,36.92,65.424
13-Jan-09,,39.33,35.99
14-Jan-09,,41.25,26.802
15-Jan-09,,43,20.301
16-Jan-09,,43.54,15.122
17-Jan-09,,63.76,14.557
18-Jan-09,,332.43,15.122
19-Jan-09,,293.13,11.508
20-Jan-09,,160.4,11.508
21-Jan-09,,129.69,8.618
22-Jan-09,,111.14,8.618
23-Jan-09,,107.25,10.614
24-Jan-09,,105.42,9.776
25-Jan-09,,117.27,8.257
26-Jan-09,,115.49,7.247
27-Jan-09,,100.46,6.63
28-Jan-09,,,7.247
29-Jan-09,,,6.63
30-Jan-09,,,11.054
31-Jan-09,,92.636,35.99
1-Feb-09,,139.83,16.352
2-Feb-09,,171.38,9.815
3-Feb-09,,131.71,13.447
4-Feb-09,,112.71,15.262
5-Feb-09,,110.38,7.636
6-Feb-09,,113.13,11.994
7-Feb-09,,108.5,13.083
8-Feb-09,,102.71,8.362
9-Feb-09,,95.5,5.094
10-Feb-09,,89.75,10.178
11-Feb-09,,98.75,5.82
12-Feb-09,,111.04,4.731
13-Feb-09,,95.25,9.452
14-Feb-09,,146.54,10.541
15-Feb-09,,322.92,20.347
16-Feb-09,,442.63,7.999
17-Feb-09,,395,6.547
18-Feb-09,,293.13,6.547
19-Feb-09,,480,4.368
20-Feb-09,,342,7.636
21-Feb-09,,225.12,4.731
22-Feb-09,,271,20.347
23-Feb-09,,323,12.357
24-Feb-09,,257,9.089
25-Feb-09,,221,10.905
26-Feb-09,,110.5,10.178
27-Feb-09,,55.25,7.999
28-Feb-09,,,4.368
1-Mar-09,,,13.4
2-Mar-09,,,11.93
3-Mar-09,,,13.4
4-Mar-09,,,18.552
5-Mar-09,,,16.137
6-Mar-09,,,23.313
7-Mar-09,,,17.063
8-Mar-09,,,13.313
9-Mar-09,,,11.656
10-Mar-09,,,10.871
11-Mar-09,,,10.139
12-Mar-09,,,21.327
13-Mar-09,,,35.559
14-Mar-09,,,25.094
15-Mar-09,,,26.906
16-Mar-09,,,18.988
17-Mar-09,,,17.709
18-Mar-09,,,33.944
19-Mar-09,,,22.342
20-Mar-09,,,25.684
21-Mar-09,,,25.684
22-Mar-09,,328.7,25.094
23-Mar-09,,340.3,68.158
24-Mar-09,,287.15,74.797
25-Mar-09,,242.785,30.931
26-Mar-09,,210.2475,49.23
27-Mar-09,,178.0838,96.581
28-Mar-09,,165.0419,36.395
29-Mar-09,,149.7309,28.849
30-Mar-09,,234,27.539
31-Mar-09,,198.42,21.327
1-Apr-09,,177.71,18.386
2-Apr-09,,145.92,16.83
3-Apr-09,,152,14.714
4-Apr-09,,134.42,17.155
5-Apr-09,,132.46,14.326
6-Apr-09,,119.13,15.09
7-Apr-09,,112.29,14.326
8-Apr-09,,125.46,17.155
9-Apr-09,,132.33,16.499
10-Apr-09,,121,14.714
11-Apr-09,,117.63,12.175
12-Apr-09,,111.63,11.69
13-Apr-09,,112.5,12.175
14-Apr-09,,107.67,14.714
15-Apr-09,,102.79,13.512
16-Apr-09,,99.67,13.084
17-Apr-09,,99.21,12.175
18-Apr-09,,94.5,12.175
19-Apr-09,,86.58,10.643
20-Apr-09,,80.67,9.464
21-Apr-09,,81.5,10.643
22-Apr-09,,82.33,20.341
23-Apr-09,,94.5,18.087
24-Apr-09,,105.25,15.09
25-Apr-09,,97,10.643
26-Apr-09,,100,10.074
27-Apr-09,,96.83,11.181
28-Apr-09,,87.25,14.326
29-Apr-09,,87.625,10.074
30-Apr-09,,88,8.807
1-May-09,,74.5,16.09
2-May-09,,72.58,14.79
3-May-09,,84.92,13.566
4-May-09,,90.83,12.047
5-May-09,,93.38,10.652
6-May-09,,90.5,9.999
7-May-09,,81.5,11.334
8-May-09,,76.17,10.652
9-May-09,,67.75,9.999
10-May-09,,51.75,9.375
11-May-09,,50.5,8.779
12-May-09,,50.21,7.406
13-May-09,,47.67,7.151
14-May-09,,45.25,6.659
15-May-09,,41.63,5.748
16-May-09,,43.25,5.748
17-May-09,,47.96,5.748
18-May-09,,53.17,5.748
19-May-09,,50.33,8.779
20-May-09,,52.25,8.491
21-May-09,,81.5,7.406
22-May-09,,,6.423
23-May-09,,49.75,5.535
24-May-09,,42.71,5.327
25-May-09,,41.92,5.125
26-May-09,,40.98,5.748
27-May-09,,55.25,5.748
28-May-09,,49.29,5.535
29-May-09,,87.25,5.125
30-May-09,,88,4.738
31-May-09,,59.98,4.552
1-Jun-09,,76.06,7.164
2-Jun-09,,68.63,4.824
3-Jun-09,,70.5,4.517
4-Jun-09,,71,3.959
5-Jun-09,,69.5,3.959
6-Jun-09,,69.62,3.47
7-Jun-09,,70.88,2.848
8-Jun-09,,73.27,3.042
9-Jun-09,,78.75,3.249
10-Jun-09,,81.92,2.848
11-Jun-09,,76.92,2.496
12-Jun-09,,35.76,45.325
13-Jun-09,,37.4,7.651
14-Jun-09,,71.04,4.824
15-Jun-09,,69.13,3.249
16-Jun-09,,66,3.249
17-Jun-09,,62.38,4.824
18-Jun-09,,60,3.707
19-Jun-09,,58.83,2.848
20-Jun-09,,65.63,2.666
21-Jun-09,,71.75,5.504
22-Jun-09,,71.71,4.517
23-Jun-09,,60.25,3.707
24-Jun-09,,55.21,3.249
25-Jun-09,,48.83,3.042
26-Jun-09,,48.29,3.249
27-Jun-09,,48,3.707
28-Jun-09,,60.88,4.517
29-Jun-09,,65.17,3.959
30-Jun-09,,58,2.666
1-Jul-09,,46.17,6.076
2-Jul-09,,60.33,4.964
3-Jul-09,,61.08,3.481
4-Jul-09,,63.92,2.74
5-Jul-09,,56.46,2.369
6-Jul-09,,43.88,1.999
7-Jul-09,,49.83,4.964
8-Jul-09,,49.46,3.481
9-Jul-09,,52.46,5.334
10-Jul-09,,50.63,10.523
11-Jul-09,,39.54,6.076
12-Jul-09,,40.4,4.222
13-Jul-09,,37.9,4.222
14-Jul-09,,39.21,3.852
15-Jul-09,,45.88,4.222
16-Jul-09,,48.67,3.852
17-Jul-09,,44.96,2.369
18-Jul-09,,32.68,1.999
19-Jul-09,,33.05,1.999
20-Jul-09,,32.39,1.628
21-Jul-09,,28.93,2.369
22-Jul-09,,23.5,1.999
23-Jul-09,,15.25,1.628
24-Jul-09,,5.63,1.257
25-Jul-09,,7.38,9.041
26-Jul-09,,14.63,7.188
27-Jul-09,,23.63,16.454
28-Jul-09,,27.38,9.782
29-Jul-09,,27,4.964
30-Jul-09,,24.17,3.481
31-Jul-09,,19.5,2.369
1-Aug-09,,12.5,5.052
2-Aug-09,,12.63,4.526
3-Aug-09,,8.71,4.044
4-Aug-09,,26.25,3.818
5-Aug-09,,30.75,3.603
6-Aug-09,,21.62,3.397
7-Aug-09,,8.25,3.201
8-Aug-09,,9.12,2.503
9-Aug-09,,11.88,2.063
10-Aug-09,,12.63,1.806
11-Aug-09,,7.54,1.806
12-Aug-09,,10.75,4.279
13-Aug-09,,17,2.665
14-Aug-09,,18.75,2.063
15-Aug-09,,20.25,1.931
16-Aug-09,,20.63,1.687
17-Aug-09,,18.75,1.468
18-Aug-09,,20.88,1.182
19-Aug-09,,24.75,1.367
20-Aug-09,,24,0.942
21-Aug-09,,25.5,0.742
22-Aug-09,,27,5.333
23-Aug-09,,27.63,2.835
24-Aug-09,,26.5,2.063
25-Aug-09,,16.92,1.687
26-Aug-09,,12.85,1.575
27-Aug-09,,14,1.367
28-Aug-09,,13.06,1.182
29-Aug-09,,13.65,1.182
30-Aug-09,,9,1.272
31-Aug-09,,,1.367
1-Sep-09,,7.06,1.1
2-Sep-09,,4.59,0.87
3-Sep-09,,5.25,0.942
4-Sep-09,,5.75,1.479
5-Sep-09,,2.29,1.1
6-Sep-09,,2.08,1.1
7-Sep-09,,1.04,1.018
8-Sep-09,,0,0.802
9-Sep-09,,0,0.739
10-Sep-09,,0,0.68
11-Sep-09,,1.04,16.243
12-Sep-09,,2.37,10.742
13-Sep-09,,4.98,2.237
14-Sep-09,,3.06,1.186
15-Sep-09,,0.81,0.87
16-Sep-09,,0,0.802
17-Sep-09,,0.625,0.68
18-Sep-09,,1.4583,0.68
19-Sep-09,,1.25,0.572
20-Sep-09,,2.08,0.624
21-Sep-09,,2.29,0.572
22-Sep-09,,2.0833,1.186
23-Sep-09,,1.25,1.1
24-Sep-09,,1.04,0.624
25-Sep-09,,1.46,0.572
26-Sep-09,,1.46,1.827
27-Sep-09,,1.25,1.479
28-Sep-09,,0,1.479
29-Sep-09,,0,1.186
30-Sep-09,,0,2.237
1-Oct-09,,1.25,2.604
2-Oct-09,,3.96,1.666
3-Oct-09,,4.21,0.938
4-Oct-09,,1.04,0.787
5-Oct-09,,0.21,0.719
6-Oct-09,,0,0.719
7-Oct-09,,0.42,0.597
8-Oct-09,,0,1.023
9-Oct-09,,0.83,2.423
10-Oct-09,,0.63,1.666
11-Oct-09,,0.21,1.423
12-Oct-09,,0,1.313
13-Oct-09,,0.21,1.209
14-Oct-09,,0.21,1.113
15-Oct-09,,0.21,0.938
16-Oct-09,,0.4167,0.719
17-Oct-09,,0,0.719
18-Oct-09,,2.08,0.719
19-Oct-09,,2.29,0.656
20-Oct-09,,0,2.604
21-Oct-09,,0.21,1.209
22-Oct-09,,0.83,2.795
23-Oct-09,,0.63,4.198
24-Oct-09,,0.21,4.479
25-Oct-09,,0,1.666
26-Oct-09,,0,1.209
27-Oct-09,,0,2.253
28-Oct-09,,0.21,1.666
29-Oct-09,,0,1.209
30-Oct-09,,0.42,1.023
31-Oct-09,,1.46,3.212
1-Nov-09,,2.5,2.007
2-Nov-09,,0.42,1.226
3-Nov-09,,0,0.976
4-Nov-09,,0,0.976
5-Nov-09,,0.83,0.833
6-Nov-09,,11.58,0.833
7-Nov-09,,4.83,0.708
8-Nov-09,,2.29,0.501
9-Nov-09,,1.46,0.381
10-Nov-09,,0.63,0.381
11-Nov-09,,0.21,0.284
12-Nov-09,,0,0.284
13-Nov-09,,0.21,1.137
14-Nov-09,,0.62,0.597
15-Nov-09,,0.21,0.458
16-Nov-09,,0,0.418
17-Nov-09,,0,0.418
18-Nov-09,,0,0.418
19-Nov-09,,0.42,0.381
20-Nov-09,,0.83,0.381
21-Nov-09,,0.42,0.346
22-Nov-09,,1.04,0.346
23-Nov-09,,0.62,2.444
24-Nov-09,,0,8.875
25-Nov-09,,0,5.577
26-Nov-09,,0,3.336
27-Nov-09,,0,3.336
28-Nov-09,,0,5.282
29-Nov-09,,0.42,3.983
30-Nov-09,,0,6.894
1-Dec-09,,0,5.166
2-Dec-09,,0.63,4.168
3-Dec-09,,0,3.317
4-Dec-09,,0,3.014
5-Dec-09,,0,2.871
6-Dec-09,,0,2.733
7-Dec-09,,0,2.346
8-Dec-09,,0,2.346
9-Dec-09,,1.83,2
10-Dec-09,,0,1.791
11-Dec-09,,0,1.508
12-Dec-09,,0,1.693
13-Dec-09,,0.625,4.954
14-Dec-09,,0.42,5.384
15-Dec-09,,0.63,4.355
16-Dec-09,,1.46,3.014
17-Dec-09,,1.46,2.871
18-Dec-09,,1.46,3.811
19-Dec-09,,2.08,10.209
20-Dec-09,,0.63,13.315
21-Dec-09,,2.5,7.38
22-Dec-09,,0,19.177
23-Dec-09,,0.83,8.25
24-Dec-09,,1.88,5.384
25-Dec-09,,2.229,4.355
26-Dec-09,,2.5,4.168
27-Dec-09,,0,3.986
28-Dec-09,,0,3.811
29-Dec-09,,,3.986
30-Dec-09,,1.88,3.163
31-Dec-09,,1.88,3.317
1-Jan-10,,1.04,2.839
2-Jan-10,,0.21,2.839
3-Jan-10,,1.67,2.401
4-Jan-10,,2.08,2.693
5-Jan-10,,1.46,3.276
6-Jan-10,,1.04,2.693
7-Jan-10,,2.5,2.109
8-Jan-10,,1.25,4.297
9-Jan-10,,1.25,4.005
10-Jan-10,,2.29,4.297
11-Jan-10,,4.63,4.589
12-Jan-10,,7,7.944
13-Jan-10,,10.79,5.902
14-Jan-10,,11.92,5.027
15-Jan-10,,15.44,4.005
16-Jan-10,,23.29,3.86
17-Jan-10,,22.29,3.568
18-Jan-10,,20.5,5.61
19-Jan-10,,18.71,5.318
20-Jan-10,,16.83,4.589
21-Jan-10,,14.92,4.005
22-Jan-10,,7.08,3.714
23-Jan-10,,4.58,3.568
24-Jan-10,,4.54,3.276
25-Jan-10,,3.12,2.839
26-Jan-10,,0,5.756
27-Jan-10,,1.54,4.589
28-Jan-10,,,4.005
29-Jan-10,,,3.714
30-Jan-10,,,3.13
31-Jan-10,,1.04,3.422
1-Feb-10,,0.21,4.456
2-Feb-10,,0.83,3.954
3-Feb-10,,2.29,3.205
4-Feb-10,,2.5,6.911
5-Feb-10,,0,6.45
6-Feb-10,,16.25,5.798
7-Feb-10,,279.54,39.712
8-Feb-10,,150.08,27.202
9-Feb-10,,105.14,22.108
10-Feb-10,,287.75,20.072
11-Feb-10,,183.33,15.553
12-Feb-10,,141.75,9.861
13-Feb-10,,119,7.645
14-Feb-10,,100.92,7.15
15-Feb-10,,89.75,6.227
16-Feb-10,,75,26.6
17-Feb-10,,86.08,14.742
18-Feb-10,,94.38,10.477
19-Feb-10,,82.79,9.563
20-Feb-10,,71.88,8.163
21-Feb-10,,57.58,13.208
22-Feb-10,,53.88,8.704
23-Feb-10,,50.04,7.645
24-Feb-10,,68.7,34.459
25-Feb-10,,140.88,13.208
26-Feb-10,,203.58,15.969
27-Feb-10,,185.33,14.742
28-Feb-10,,158,23.178
1-Mar-10,,148.08,13.603
2-Mar-10,,109.58,12.398
3-Mar-10,,91.63,11.02
4-Mar-10,,86.79,10.503
5-Mar-10,,79.75,9.469
6-Mar-10,,75.63,8.091
7-Mar-10,,74.88,7.747
8-Mar-10,,69.25,7.747
9-Mar-10,,53.38,6.886
10-Mar-10,,41.46,7.575
11-Mar-10,,46,7.402
12-Mar-10,,81.42,6.886
13-Mar-10,,333.54,19.115
14-Mar-10,,172.42,14.809
15-Mar-10,,126.71,8.953
16-Mar-10,,141.21,9.814
17-Mar-10,,138.79,8.264
18-Mar-10,,134.54,8.436
19-Mar-10,,125.25,7.747
20-Mar-10,,109.25,9.642
21-Mar-10,,92.83,8.608
22-Mar-10,,162.33,7.575
23-Mar-10,,167.29,13.431
24-Mar-10,,157.08,9.986
25-Mar-10,,133.88,9.469
26-Mar-10,,124.67,8.78
27-Mar-10,,120.38,9.986
28-Mar-10,,101.67,9.297
29-Mar-10,,91.17,8.78
30-Mar-10,,117.21,9.297
31-Mar-10,,153.42,14.637
1-Apr-10,,221.67,29.796
2-Apr-10,,246.88,26.305
3-Apr-10,,200.25,25.607
4-Apr-10,,154.58,23.512
5-Apr-10,,213.35,49.349
6-Apr-10,,184.25,35.732
7-Apr-10,,161.25,20.718
8-Apr-10,,142.42,17.227
9-Apr-10,,125.92,15.132
10-Apr-10,,114.58,12.688
11-Apr-10,,113,10.942
12-Apr-10,,103.25,10.593
13-Apr-10,,116.29,10.593
14-Apr-10,,104.77,12.338
15-Apr-10,,92.25,11.64
16-Apr-10,,83.54,9.545
17-Apr-10,,74.33,8.847
18-Apr-10,,72,8.149
19-Apr-10,,61.54,18.274
20-Apr-10,,56.67,15.481
21-Apr-10,,55.29,13.735
22-Apr-10,,50.75,11.64
23-Apr-10,,48.13,8.498
24-Apr-10,,48.33,8.498
25-Apr-10,,48.67,9.196
26-Apr-10,,42.5,11.291
27-Apr-10,,35.25,25.956
28-Apr-10,,,20.369
29-Apr-10,,,11.989
30-Apr-10,,,26.654
1-May-10,,40.75,23.82
2-May-10,,49.67,15.214
3-May-10,,54.33,9.999
4-May-10,,54.33,9.375
5-May-10,,59.75,7.668
6-May-10,,57.88,7.406
7-May-10,,56.58,7.151
8-May-10,,58.67,7.406
9-May-10,,64.88,6.659
10-May-10,,62.42,8.491
11-May-10,,61.88,8.779
12-May-10,,56.33,6.902
13-May-10,,56.38,6.659
14-May-10,,54,5.967
15-May-10,,50.92,5.125
16-May-10,,56.88,5.125
17-May-10,,46.88,4.929
18-May-10,,45.33,4.929
19-May-10,,44.12,4.738
20-May-10,,49.33,12.79
21-May-10,,46.75,13.566
22-May-10,,47,6.659
23-May-10,,46.71,5.535
24-May-10,,46.29,5.327
25-May-10,,56.75,5.125
26-May-10,,57.5,4.738
27-May-10,,56.88,7.406
28-May-10,,54.5,6.423
29-May-10,,51.71,7.151
30-May-10,,50.75,7.151
31-May-10,,,6.659
1-Jun-10,,44.29,4.702
2-Jun-10,,41.63,3.625
3-Jun-10,,40.38,2.764
4-Jun-10,,36.25,2.657
5-Jun-10,,37.5,2.549
6-Jun-10,,42.88,2.549
7-Jun-10,,41.38,5.455
8-Jun-10,,39.25,3.841
9-Jun-10,,37,3.518
10-Jun-10,,38.88,3.41
11-Jun-10,,41.88,3.41
12-Jun-10,,42.38,3.302
13-Jun-10,,51.75,3.087
14-Jun-10,,56.83,2.979
15-Jun-10,,56.5,2.979
16-Jun-10,,53,3.087
17-Jun-10,,52,2.441
18-Jun-10,,52.54,2.441
19-Jun-10,,56.5,3.733
20-Jun-10,,56.5,3.195
21-Jun-10,,16.75,3.087
22-Jun-10,,16.63,3.518
23-Jun-10,,5.5,3.302
24-Jun-10,,4.17,3.087
25-Jun-10,,16.5,3.087
26-Jun-10,,9.08,2.979
27-Jun-10,,2.71,2.764
28-Jun-10,,2.08,2.657
29-Jun-10,,6.79,2.657
30-Jun-10,,7.21,2.441
1-Jul-10,,9.54,2.899
2-Jul-10,,2.08,2.327
3-Jul-10,,4.17,1.999
4-Jul-10,,0.21,1.849
5-Jul-10,,0,1.709
6-Jul-10,,0.21,1.577
7-Jul-10,,0,1.338
8-Jul-10,,0,1.453
9-Jul-10,,0,1.709
10-Jul-10,,0,1.338
11-Jul-10,,0,1.338
12-Jul-10,,0,1.23
13-Jul-10,,0,1.23
14-Jul-10,,0,2.158
15-Jul-10,,0,3.579
16-Jul-10,,0,1.577
17-Jul-10,,0,1.23
18-Jul-10,,0,1.034
19-Jul-10,,0,1.034
20-Jul-10,,0,1.23
21-Jul-10,,0,1.034
22-Jul-10,,0,0.865
23-Jul-10,,0,0.789
24-Jul-10,,0,0.789
25-Jul-10,,0,0.718
26-Jul-10,,0,0.653
27-Jul-10,,0,0.592
28-Jul-10,,0,0.718
29-Jul-10,,0,0.718
30-Jul-10,,0,0.718
31-Jul-10,,0,0.653
1-Aug-10,,0,0.468
2-Aug-10,,0,0.692
3-Aug-10,,0,1.142
4-Aug-10,,0,1.142
5-Aug-10,,0,1.03
6-Aug-10,,0,0.917
7-Aug-10,,0,1.592
8-Aug-10,,0.5,1.592
9-Aug-10,,0,1.367
10-Aug-10,,0,1.142
11-Aug-10,,0.31,0.917
12-Aug-10,,0.06,1.142
13-Aug-10,,0.1,0.805
14-Aug-10,,0.5,0.692
15-Aug-10,,1.25,0.692
16-Aug-10,,0.2,0.468
17-Aug-10,,0,0.355
18-Aug-10,,0,0.355
19-Aug-10,,0,0.243
20-Aug-10,,0.13,0.13
21-Aug-10,,0.02,0.018
22-Aug-10,,0,3.615
23-Aug-10,,0,3.39
24-Aug-10,,0,3.39
25-Aug-10,,0,3.053
26-Aug-10,,0,2.716
27-Aug-10,,0,2.716
28-Aug-10,,0.06,2.491
29-Aug-10,,0,2.154
30-Aug-10,,0,2.041
31-Aug-10,,0,2.041
1-Sep-10,,0.21,1.338
2-Sep-10,,0,1.338
3-Sep-10,,0,1.112
4-Sep-10,,0.21,0.917
5-Sep-10,,0,0.831
6-Sep-10,,0,6.036
7-Sep-10,,0,6.466
8-Sep-10,,0,10.896
9-Sep-10,,0,13.898
10-Sep-10,,0,19.642
11-Sep-10,,0,11.591
12-Sep-10,,0.63,2.877
13-Sep-10,,0,0.831
14-Sep-10,,0,0.442
15-Sep-10,,0,0.352
16-Sep-10,,0,0.352
17-Sep-10,,0,0.277
18-Sep-10,,0,0.245
19-Sep-10,,0,0.245
20-Sep-10,,0,0.245
21-Sep-10,,0,0.245
22-Sep-10,,0,0.216
23-Sep-10,,0,1.112
24-Sep-10,,0,1.12
25-Sep-10,,0,1.011
26-Sep-10,,0.63,0.611
27-Sep-10,,0.1,0.442
28-Sep-10,,0,0.442
29-Sep-10,,0,0.493
30-Sep-10,,0,0.245
1-Oct-10,,0,0.229
2-Oct-10,,0,0.229
3-Oct-10,,0,1.92
4-Oct-10,,0,0.212
5-Oct-10,,0,0.638
6-Oct-10,,0,0.197
7-Oct-10,,0,0.197
8-Oct-10,,0,0.189
9-Oct-10,,0,0.189
10-Oct-10,,0,0.189
11-Oct-10,,0,0.182
12-Oct-10,,0,0.175
13-Oct-10,,0,0.189
14-Oct-10,,0,0.189
15-Oct-10,,0,0.197
16-Oct-10,,0,0.189
17-Oct-10,,0,0.189
18-Oct-10,,0,0.277
19-Oct-10,,0,0.287
20-Oct-10,,0,14.938
21-Oct-10,,0.21,4.429
22-Oct-10,,0,1.417
23-Oct-10,,0,1.007
24-Oct-10,,0,0.898
25-Oct-10,,0,0.832
26-Oct-10,,0,0.715
27-Oct-10,,0,0.715
28-Oct-10,,0,0.638
29-Oct-10,,0,0.688
30-Oct-10,,0,0.591
31-Oct-10,,0.125,0.591
1-Nov-10,,0,0.194
2-Nov-10,,0,0.166
3-Nov-10,,0,0.153
4-Nov-10,,0,0.142
5-Nov-10,,0,0.142
6-Nov-10,,0,0.122
7-Nov-10,,0,0.122
8-Nov-10,,0,0.122
9-Nov-10,,0,0.122
10-Nov-10,,0,0.113
11-Nov-10,,0,0.113
12-Nov-10,,0,0.113
13-Nov-10,,0,0.113
14-Nov-10,,0,0.142
15-Nov-10,,0,0.131
16-Nov-10,,0,0.194
17-Nov-10,,0,0.49
18-Nov-10,,0,0.911
19-Nov-10,,0,0.78
20-Nov-10,,0,0.333
21-Nov-10,,0,0.179
22-Nov-10,,0,0.179
23-Nov-10,,0,0.166
24-Nov-10,,0,0.113
25-Nov-10,,0,0.142
26-Nov-10,,0,0.142
27-Nov-10,,0,0.131
28-Nov-10,,0,0.131
29-Nov-10,,0,0.142
30-Nov-10,,0,0.142
1-Dec-10,,0,0.46
2-Dec-10,,0,0.353
3-Dec-10,,0,0.247
4-Dec-10,,0,0.247
5-Dec-10,,0,3.981
6-Dec-10,,0,0.14
7-Dec-10,,0,0.033
8-Dec-10,,0,2.06
9-Dec-10,,0,0.78
10-Dec-10,,0,0.673
11-Dec-10,,0,0.46
12-Dec-10,,0,0.353
13-Dec-10,,0,0.247
14-Dec-10,,0,0.247
15-Dec-10,,0,0.46
16-Dec-10,,0,0.46
17-Dec-10,,0,0.567
18-Dec-10,,0,0.567
19-Dec-10,,0,0.46
20-Dec-10,,0,0.247
21-Dec-10,,0,0.46
22-Dec-10,,0,0.353
23-Dec-10,,0,0.353
24-Dec-10,,0,0.78
25-Dec-10,,0,3.021
26-Dec-10,,0,3.234
27-Dec-10,,0,2.914
28-Dec-10,,0,2.701
29-Dec-10,,0,5.368
30-Dec-10,,0,5.582
31-Dec-10,,0,3.448
1-Jan-11,,0,3.35
2-Jan-11,,0,2.9
3-Jan-11,,0,2.45
4-Jan-11,,0,2.15
5-Jan-11,,0,1.7
6-Jan-11,,0,1.4
7-Jan-11,,0,1.4
8-Jan-11,,0,0.8
9-Jan-11,,0,0.35
10-Jan-11,,0,0.05
11-Jan-11,,0,2.3
12-Jan-11,,0,1.55
13-Jan-11,,0,5.15
14-Jan-11,,0,4.4
15-Jan-11,,0,3.5
16-Jan-11,,0,2.75
17-Jan-11,,0,4.7
18-Jan-11,,0,10.25
19-Jan-11,,3.33,8.9
20-Jan-11,,0,6.65
21-Jan-11,,0,5.45
22-Jan-11,,0,4.25
23-Jan-11,,0,3.95
24-Jan-11,,0,3.5
25-Jan-11,,0,2.9
26-Jan-11,,0,2.75
27-Jan-11,,0,2.6
28-Jan-11,,0,2.45
29-Jan-11,,0,2.3
30-Jan-11,,0,3.35
31-Jan-11,,0.46,3.35
1-Feb-11,,0,3.535
2-Feb-11,,0,4.201
3-Feb-11,,0,4.367
4-Feb-11,,0,4.201
5-Feb-11,,0,4.367
6-Feb-11,,0,3.702
7-Feb-11,,0.42,3.202
8-Feb-11,,0,13.186
9-Feb-11,,22.29,9.193
10-Feb-11,,60.08,7.862
11-Feb-11,,62,7.695
12-Feb-11,,77,13.02
13-Feb-11,,80.96,12.521
14-Feb-11,,72.25,12.022
15-Feb-11,,93.92,13.02
16-Feb-11,,79.42,11.356
17-Feb-11,,70.92,9.026
18-Feb-11,,62.21,7.529
19-Feb-11,,59.96,6.364
20-Feb-11,,58.92,6.364
21-Feb-11,,55.08,5.199
22-Feb-11,,43.17,5.366
23-Feb-11,,42.5,3.036
24-Feb-11,,39.21,2.537
25-Feb-11,,37.333,2.204
26-Feb-11,,34.63,2.038
27-Feb-11,,32.63,3.369
28-Feb-11,,22.75,1.538
1-Mar-11,,16.75,2.713
2-Mar-11,,10.75,2.235
3-Mar-11,,0,2.076
4-Mar-11,,0.21,1.917
5-Mar-11,,0,1.758
6-Mar-11,,0.63,1.598
7-Mar-11,,2.5,1.439
8-Mar-11,,0.21,1.439
9-Mar-11,,0,1.28
10-Mar-11,,0,1.121
11-Mar-11,,0.21,0.962
12-Mar-11,,0,0.802
13-Mar-11,,1.04,0.802
14-Mar-11,,0,0.802
15-Mar-11,,0,0.802
16-Mar-11,,0,0.802
17-Mar-11,,0,1.28
18-Mar-11,,0,1.121
19-Mar-11,,0,0.643
20-Mar-11,,0,0.643
21-Mar-11,,0,1.917
22-Mar-11,,0,1.598
23-Mar-11,,0,1.598
24-Mar-11,,0,1.439
25-Mar-11,,0,7.011
26-Mar-11,,0,5.897
27-Mar-11,,0,5.578
28-Mar-11,,0,5.101
29-Mar-11,,0,4.942
30-Mar-11,,0,4.782
31-Mar-11,,0,4.305
1-Apr-11,,0,7.888
2-Apr-11,,0,3.149
3-Apr-11,,0,1.858
4-Apr-11,,0,1.976
5-Apr-11,,0,1.443
6-Apr-11,,0,1.107
7-Apr-11,,0,1.034
8-Apr-11,,0.83,18.66
9-Apr-11,,1.25,41.859
10-Apr-11,,40.83,62.026
11-Apr-11,,72.67,32.802
12-Apr-11,,40.17,23.556
13-Apr-11,,29.37,10.369
14-Apr-11,,32.62,8.654
15-Apr-11,,96.54,14.025
16-Apr-11,,137.71,9.48
17-Apr-11,,83.54,18.66
18-Apr-11,,80.25,18.66
19-Apr-11,,69.58,24.464
20-Apr-11,,65.67,15.241
21-Apr-11,,71.42,40.453
22-Apr-11,,73.87,24.464
23-Apr-11,,77.17,28.386
24-Apr-11,,75.71,32.802
25-Apr-11,,63.96,23.556
26-Apr-11,,55.25,25.401
27-Apr-11,,56.25,14.623
28-Apr-11,,66.25,9.916
29-Apr-11,,166.25,11.827
30-Apr-11,,166.62,10.838
1-May-11,,145,7.195
2-May-11,,43.08,5.948
3-May-11,,38.83,5.583
4-May-11,,33.79,5.583
5-May-11,,34.92,5.408
6-May-11,,31.21,4.918
7-May-11,,34.92,4.471
8-May-11,,35.21,4.197
9-May-11,,33.87,3.939
10-May-11,,39.96,3.697
11-May-11,,51.21,3.581
12-May-11,,52.25,3.581
13-May-11,,33.5,4.471
14-May-11,,31.42,4.066
15-May-11,,29,4.066
16-May-11,,19.08,3.816
17-May-11,,8,3.47
18-May-11,,6.46,3.155
19-May-11,,5.17,2.692
20-May-11,,5,2.527
21-May-11,,5.25,2.297
22-May-11,,5.79,2.089
23-May-11,,5,3.47
24-May-11,,5,3.056
25-May-11,,5.67,2.527
26-May-11,,7,2.371
27-May-11,,8.88,3.256
28-May-11,,31.21,25.578
29-May-11,,42.83,6.14
30-May-11,,16.38,4.918
31-May-11,,8.54,3.816
1-Jun-11,,5.58,2.764
2-Jun-11,,4.46,2.505
3-Jun-11,,1.5,2.264
4-Jun-11,,1.04,2.632
5-Jun-11,,2.92,5.418
6-Jun-11,,0.42,5.418
7-Jun-11,,0,2.041
8-Jun-11,,0,1.936
9-Jun-11,,0,1.836
10-Jun-11,,0,1.836
11-Jun-11,,0.625,3.502
12-Jun-11,,0.83,6.123
13-Jun-11,,2.08,3.836
14-Jun-11,,7.08,2.764
15-Jun-11,,12.17,2.264
16-Jun-11,,2.71,2.264
17-Jun-11,,2.38,4.012
18-Jun-11,,4.58,3.344
19-Jun-11,,5,2.764
20-Jun-11,,2.08,2.505
21-Jun-11,,1.46,2.382
22-Jun-11,,0,2.382
23-Jun-11,,0.83,2.901
24-Jun-11,,2.08,2.764
25-Jun-11,,6.54,2.264
26-Jun-11,,6.17,2.041
27-Jun-11,,5,1.936
28-Jun-11,,5,1.936
29-Jun-11,,5.33,1.836
30-Jun-11,,7.62,1.836
1-Jul-11,,7.08,2.376
2-Jul-11,,7.83,2.376
3-Jul-11,,5.88,2.108
4-Jul-11,,5.88,1.975
5-Jul-11,,23.15,1.707
6-Jul-11,,38.29,1.707
7-Jul-11,,25.5,1.573
8-Jul-11,,19.21,1.573
9-Jul-11,,12.5,1.573
10-Jul-11,,6.17,1.439
11-Jul-11,,27.17,1.439
12-Jul-11,,34.33,1.306
13-Jul-11,,27.25,1.306
14-Jul-11,,21.15,1.172
15-Jul-11,,22.62,1.172
16-Jul-11,,26.25,1.038
17-Jul-11,,21.21,1.038
18-Jul-11,,9.96,1.038
19-Jul-11,,6.25,0.904
20-Jul-11,,5.17,2.108
21-Jul-11,,4.83,1.573
22-Jul-11,,5,1.306
23-Jul-11,,8.58,1.172
24-Jul-11,,23.29,1.172
25-Jul-11,,26.79,1.038
26-Jul-11,,20.79,0.77
27-Jul-11,,11.29,0.77
28-Jul-11,,8,0.77
29-Jul-11,,7.58,0.637
30-Jul-11,,0,0.637
31-Jul-11,,0,0.637
1-Aug-11,,0,1.19
2-Aug-11,,0,0.544
3-Aug-11,,0,0.283
4-Aug-11,,0,2.209
5-Aug-11,,0,1.706
6-Aug-11,,0,1.19
7-Aug-11,,0,1.084
8-Aug-11,,0,0.814
9-Aug-11,,0,0.603
10-Aug-11,,0,0.544
11-Aug-11,,0,0.441
12-Aug-11,,0,0.396
13-Aug-11,,0,0.49
14-Aug-11,,0,0.396
15-Aug-11,,0,0.283
16-Aug-11,,0,0.283
17-Aug-11,,0,0.253
18-Aug-11,,0,0.225
19-Aug-11,,0,0.177
20-Aug-11,,0,0.138
21-Aug-11,,0,0.138
22-Aug-11,,0,0.138
23-Aug-11,,0,0.138
24-Aug-11,,0,0.138
25-Aug-11,,0,0.138
26-Aug-11,,0,0.138
27-Aug-11,,0,0.138
28-Aug-11,,0,0.138
29-Aug-11,,0,0.138
30-Aug-11,,0,0.138
31-Aug-11,,0,0.138
1-Sep-11,,0,0.034
2-Sep-11,,0,0.034
3-Sep-11,,0,0.205
4-Sep-11,,0,0.12
5-Sep-11,,0,0.205
6-Sep-11,,0,0.205
7-Sep-11,,0,0.29
8-Sep-11,,0,0.461
9-Sep-11,,0,0.375
10-Sep-11,,0,0.887
11-Sep-11,,0,3.188
12-Sep-11,,0,2.08
13-Sep-11,,0,1.824
14-Sep-11,,0,0.972
15-Sep-11,,0,0.631
16-Sep-11,,0,0.375
17-Sep-11,,0,0.12
18-Sep-11,,0,1.909
19-Sep-11,,0,2.08
20-Sep-11,,0,2.336
21-Sep-11,,0,1.654
22-Sep-11,,0,1.142
23-Sep-11,,0,0.461
24-Sep-11,,0,0.12
25-Sep-11,,0,4.381
26-Sep-11,,0,2.677
27-Sep-11,,0,1.739
28-Sep-11,,0,1.654
29-Sep-11,,0,1.313
30-Sep-11,,0,0.887
1-Oct-11,,0,0.449
2-Oct-11,,0,0.378
3-Oct-11,,0,0.352
4-Oct-11,,0,0.312
5-Oct-11,,0,0.738
6-Oct-11,,0,0.668
7-Oct-11,,1.125,4.577
8-Oct-11,,0.83,4.347
9-Oct-11,,0,2.563
10-Oct-11,,0,2.237
11-Oct-11,,0,1.936
12-Oct-11,,0,1.661
13-Oct-11,,0,1.085
14-Oct-11,,0.42,0.989
15-Oct-11,,0,0.738
16-Oct-11,,0,0.449
17-Oct-11,,0,0.352
18-Oct-11,,0,0.319
19-Oct-11,,0,0.378
20-Oct-11,,0,0.332
21-Oct-11,,0,0.319
22-Oct-11,,0,0.312
23-Oct-11,,0,0.312
24-Oct-11,,0,0.312
25-Oct-11,,0,0.312
26-Oct-11,,0.21,0.317
27-Oct-11,,0.42,0.33
28-Oct-11,,0.21,0.33
29-Oct-11,,0.21,0.33
30-Oct-11,,0,0.348
31-Oct-11,,0,0.348
1-Nov-11,,0,1.47
2-Nov-11,,0.21,1.226
3-Nov-11,,0,1.145
4-Nov-11,,0.21,5.126
5-Nov-11,,0,3.095
6-Nov-11,,0,2.364
7-Nov-11,,0,2.039
8-Nov-11,,0,1.957
9-Nov-11,,0,1.876
10-Nov-11,,0,1.795
11-Nov-11,,0,1.47
12-Nov-11,,0,1.551
13-Nov-11,,0,1.47
14-Nov-11,,0,1.226
15-Nov-11,,0,1.226
16-Nov-11,,0,1.064
17-Nov-11,,0,0.82
18-Nov-11,,0,0.657
19-Nov-11,,0,0.495
20-Nov-11,,0.2,0.414
21-Nov-11,,0,0.332
22-Nov-11,,0,0.332
23-Nov-11,,0,0.332
24-Nov-11,,0,0.332
25-Nov-11,,0,0.414
26-Nov-11,,0.13,0.738
27-Nov-11,,0.63,0.657
28-Nov-11,,0.096,0.495
29-Nov-11,,5,0.332
30-Nov-11,,0,0.332
1-Dec-11,,5,0.464
2-Dec-11,,5,0.425
3-Dec-11,,5,0.425
4-Dec-11,,5,1.03
5-Dec-11,,5,0.887
6-Dec-11,,5,0.887
7-Dec-11,,5,2.776
8-Dec-11,,5,2.946
9-Dec-11,,5,2.04
10-Dec-11,,5,1.679
11-Dec-11,,5,2.946
12-Dec-11,,5,4.619
13-Dec-11,,5,2.173
14-Dec-11,,5,1.679
15-Dec-11,,10.96,1.679
16-Dec-11,,12.75,1.467
17-Dec-11,,27.96,12.16
18-Dec-11,,51.04,8.45
19-Dec-11,,50.29,4.144
20-Dec-11,,44.42,2.946
21-Dec-11,,47.71,33.773
22-Dec-11,,80.46,32.595
23-Dec-11,,56.67,11.131
24-Dec-11,,58.04,2.313
25-Dec-11,,49.83,55.855
26-Dec-11,,28.75,26.191
27-Dec-11,,30,17.054
28-Dec-11,,30.25,6.967
29-Dec-11,,32,47.507
30-Dec-11,,32,4.377
31-Dec-11,,36.5,13.843
1-Jan-12,,35.33,9.546
2-Jan-12,,34.17,11.128
3-Jan-12,,32.92,6.507
4-Jan-12,,30.33,9.187
5-Jan-12,,28.67,12.972
6-Jan-12,,31.96,18.316
7-Jan-12,,34.42,11.128
8-Jan-12,,31.75,44.228
9-Jan-12,,31.75,40.964
10-Jan-12,,34.17,57.839
11-Jan-12,,34.58,27.921
12-Jan-12,,42,23.052
13-Jan-12,,48,33.82
14-Jan-12,,48.83,40.964
15-Jan-12,,45.5,72.794
16-Jan-12,,41.88,53.571
17-Jan-12,,43.7917,30.146
18-Jan-12,,49.17,21.351
19-Jan-12,,46.67,23.052
20-Jan-12,,45.88,18.316
21-Jan-12,,44.25,16.964
22-Jan-12,,44.16,15.121
23-Jan-12,,48.67,10.307
24-Jan-12,,46.5,9.187
25-Jan-12,,53.54,7.3
26-Jan-12,,49.21,6.262
27-Jan-12,,32.67,14.553
28-Jan-12,,32.67,44.228
29-Jan-12,,21.67,12.484
30-Jan-12,,19.16,10.71
31-Jan-12,,18.8,8.842
1-Feb-12,,17.87,13.479
2-Feb-12,,16.75,21.351
3-Feb-12,,19.96,27.921
4-Feb-12,,27.04,57.839
5-Feb-12,,38.42,30.146
6-Feb-12,,61.79,15.712
7-Feb-12,,84.37,18.316
8-Feb-12,,111.23,11.563
9-Feb-12,,229.12,64.887
10-Feb-12,,477.42,45.956
11-Feb-12,,719.33,11.563
12-Feb-12,,639.5,8.189
13-Feb-12,,775,4.976
14-Feb-12,,876.54,8.189
15-Feb-12,,592.75,15.712
16-Feb-12,,326.13,57.839
17-Feb-12,,365.71,29.012
18-Feb-12,,340.29,6.027
19-Feb-12,,424.96,3.805
20-Feb-12,,349.29,4.268
21-Feb-12,,495.75,2.141
22-Feb-12,,1041.83,4.976
23-Feb-12,,1084.92,3.264
24-Feb-12,,402.17,3.391
25-Feb-12,,415.79,2.141
26-Feb-12,,464.21,0.678
27-Feb-12,,514.5,1.404
28-Feb-12,,425.12,0.921
29-Feb-12,,301.42,0.462
1-Mar-12,,255.04,11.545
2-Mar-12,,243.38,10.573
3-Mar-12,,197.58,10.086
4-Mar-12,,183.92,9.843
5-Mar-12,,198.88,9.357
6-Mar-12,,261.83,8.628
7-Mar-12,,188.54,11.059
8-Mar-12,,148.33,10.329
9-Mar-12,,129.46,9.6
10-Mar-12,,125.92,11.059
11-Mar-12,,123.04,9.843
12-Mar-12,,121.92,9.357
13-Mar-12,,109.13,16.164
14-Mar-12,,93.42,9.843
15-Mar-12,,88.17,8.385
16-Mar-12,,83.96,11.302
17-Mar-12,,115.96,13.976
18-Mar-12,,568.79,19.324
19-Mar-12,,732.08,30.993
20-Mar-12,,707.54,35.612
21-Mar-12,,362.92,25.888
22-Mar-12,,389.83,22.728
23-Mar-12,,1066.54,29.534
24-Mar-12,,1207.88,25.159
25-Mar-12,,485.21,20.297
26-Mar-12,,375.17,21.269
27-Mar-12,,380.46,26.131
28-Mar-12,,294.38,13.49
29-Mar-12,,239.88,15.921
30-Mar-12,,199.42,14.948
31-Mar-12,,171,14.705
1-Apr-12,,154.5,16.407
2-Apr-12,,142.75,14.948
3-Apr-12,,128.71,13.49
4-Apr-12,,175.33,15.435
5-Apr-12,,217.67,13.976
6-Apr-12,,204.42,12.76
7-Apr-12,,392.58,29.777
8-Apr-12,,374.21,31.479
9-Apr-12,,531.75,28.076
10-Apr-12,,427.62,25.402
11-Apr-12,,406.08,23.214
12-Apr-12,,349.83,21.755
13-Apr-12,,276.29,23.214
14-Apr-12,,267.92,21.026
15-Apr-12,,262.58,19.324
16-Apr-12,,216.92,16.65
17-Apr-12,,186.83,12.76
18-Apr-12,,168.42,11.302
19-Apr-12,,166.5,10.816
20-Apr-12,,157.71,14.462
21-Apr-12,,146.83,13.004
22-Apr-12,,144,11.545
23-Apr-12,,138.96,11.788
24-Apr-12,,128.25,11.059
25-Apr-12,,115.67,10.573
26-Apr-12,,114.04,9.6
27-Apr-12,,119.42,9.843
28-Apr-12,,133.33,9.114
29-Apr-12,,123.71,11.302
30-Apr-12,,120.33,10.573
1-May-12,,122.88,10.252
2-May-12,,119.5,12.277
3-May-12,,116.25,11.771
4-May-12,,102.42,9.492
5-May-12,,102.04,8.479
6-May-12,,95.5,7.466
7-May-12,,71.71,6.454
8-May-12,,95.88,6.2
9-May-12,,62.21,6.2
10-May-12,,85.75,5.947
11-May-12,,90.96,5.947
12-May-12,,90.5,6.454
13-May-12,,91.48,6.454
14-May-12,,91.17,6.2
15-May-12,,87.79,6.2
16-May-12,,101.71,5.947
17-May-12,,109.38,5.188
18-May-12,,94.12,8.479
19-May-12,,95.58,6.707
20-May-12,,89.96,5.441
21-May-12,,89.21,5.441
22-May-12,,88.75,6.454
23-May-12,,87.67,5.694
24-May-12,,85.33,5.188
25-May-12,,86.79,4.681
26-May-12,,88,4.175
27-May-12,,88,3.922
28-May-12,,87,3.922
29-May-12,,92.58,5.441
30-May-12,,94.17,4.681
31-May-12,,95.33,4.428
1-Jun-12,,93.92,2.763
2-Jun-12,,103.04,2.428
3-Jun-12,,92.25,2.116
4-Jun-12,,90.29,2.017
5-Jun-12,,89,2.017
6-Jun-12,,89.75,1.921
7-Jun-12,,82,3.121
8-Jun-12,,75.33,2.999
9-Jun-12,,77,2.017
10-Jun-12,,71,2.017
11-Jun-12,,63.29,1.737
12-Jun-12,,59.79,1.737
13-Jun-12,,59.92,1.562
14-Jun-12,,60.83,1.479
15-Jun-12,,60.83,1.479
16-Jun-12,,60.17,1.32
17-Jun-12,,51.08,1.32
18-Jun-12,,51.75,1.171
19-Jun-12,,50.38,1.171
20-Jun-12,,44.63,1.171
21-Jun-12,,42.96,1.171
22-Jun-12,,47,1.101
23-Jun-12,,41,1.033
24-Jun-12,,39.29,1.562
25-Jun-12,,40.46,2.017
26-Jun-12,,39.96,1.921
27-Jun-12,,46.17,1.921
28-Jun-12,,65.17,1.398
29-Jun-12,,73.58,1.033
30-Jun-12,,72.38,1.171
1-Jul-12,,77.67,1.171
2-Jul-12,,77.92,1.32
3-Jul-12,,77.5,1.171
4-Jul-12,,79.33,0.845
5-Jul-12,,77.08,0.787
6-Jul-12,,74.67,0.787
7-Jul-12,,67.67,2.879
8-Jul-12,,60.25,3.502
9-Jul-12,,55.71,2.017
10-Jul-12,,57.16,1.32
11-Jul-12,,56.92,1.101
12-Jul-12,,54.21,1.033
13-Jul-12,,54.12,1.033
14-Jul-12,,55.63,0.968
15-Jul-12,,49.71,0.905
16-Jul-12,,34.38,0.732
17-Jul-12,,26,0.905
18-Jul-12,,25.63,1.101
19-Jul-12,,25,1.32
20-Jul-12,,26.25,1.101
21-Jul-12,,22.75,0.968
22-Jul-12,,21.88,0.845
23-Jul-12,,17.88,0.68
24-Jul-12,,20.13,0.583
25-Jul-12,,14.12,0.538
26-Jul-12,,14.5,0.496
27-Jul-12,,9.88,0.419
28-Jul-12,,10.5,0.353
29-Jul-12,,15.62,0.323
30-Jul-12,,11.71,0.323
31-Jul-12,,8.96,0.385
1-Aug-12,,5.94,0.833
2-Aug-12,,6.33,0.752
3-Aug-12,,7.79,0.736
4-Aug-12,,2.92,0.672
5-Aug-12,,11.75,0.833
6-Aug-12,,11.63,0.817
7-Aug-12,,11.33,0.768
8-Aug-12,,3.33,0.736
9-Aug-12,,1.46,0.704
10-Aug-12,,0.83,0.688
11-Aug-12,,0,0.655
12-Aug-12,,0.83,0.655
13-Aug-12,,0.2,0.672
14-Aug-12,,0,0.672
15-Aug-12,,0.625,0.672
16-Aug-12,,0.42,0.526
17-Aug-12,,0,0.43
18-Aug-12,,0,0.446
19-Aug-12,,0,0.478
20-Aug-12,,0,0.462
21-Aug-12,,0,0.478
22-Aug-12,,0,0.51
23-Aug-12,,0,0.526
24-Aug-12,,0,0.51
25-Aug-12,,0,0.51
26-Aug-12,,1.04,0.51
27-Aug-12,,0.21,0.51
28-Aug-12,,0.21,0.478
29-Aug-12,,0,0.446
30-Aug-12,,0,0.462
31-Aug-12,,0,0.462
1-Sep-12,,0,0.409
2-Sep-12,,0,0.376
3-Sep-12,,7.79,0.343
4-Sep-12,,2.92,0.476
5-Sep-12,,0,0.409
6-Sep-12,,0,0.376
7-Sep-12,,0,0.343
8-Sep-12,,0,0.343
9-Sep-12,,0,0.447
10-Sep-12,,0,0.376
11-Sep-12,,0,0.409
12-Sep-12,,0,0.409
13-Sep-12,,0,0.376
14-Sep-12,,0,0.343
15-Sep-12,,1.25,0.31
16-Sep-12,,0,0.31
17-Sep-12,,0,0.277
18-Sep-12,,0,0.277
19-Sep-12,,0,0.244
20-Sep-12,,0,0.211
21-Sep-12,,0,0.178
22-Sep-12,,0,0.211
23-Sep-12,,0,0.277
24-Sep-12,,0,0.277
25-Sep-12,,0,0.608
26-Sep-12,,0,0.443
27-Sep-12,,0,0.343
28-Sep-12,,0,0.343
29-Sep-12,,0,0.31
30-Sep-12,,0,0.31
1-Oct-12,,0,0.465
2-Oct-12,,0,0.424
3-Oct-12,,0,0.386
4-Oct-12,,0,0.386
5-Oct-12,,0,0.35
6-Oct-12,,0,0.386
7-Oct-12,,0,0.386
8-Oct-12,,0,0.35
9-Oct-12,,0,0.318
10-Oct-12,,0,0.35
11-Oct-12,,0,0.318
12-Oct-12,,0,0.288
13-Oct-12,,0,0.288
14-Oct-12,,0,0.318
15-Oct-12,,0,0.288
16-Oct-12,,0,0.288
17-Oct-12,,0,0.609
18-Oct-12,,0,0.725
19-Oct-12,,0,1.859
20-Oct-12,,0,5.025
21-Oct-12,,0,3.446
22-Oct-12,,0,3.676
23-Oct-12,,0,10.54
24-Oct-12,,0,5.668
25-Oct-12,,0,8.016
26-Oct-12,,0,3.676
27-Oct-12,,0,2.466
28-Oct-12,,0,1.729
29-Oct-12,,0,1.094
30-Oct-12,,0.83,35.023
31-Oct-12,,0,47.064
1-Nov-12,,0,11.461
2-Nov-12,,0,7.823
3-Nov-12,,0,3.901
4-Nov-12,,0,3.276
5-Nov-12,,0,2.723
6-Nov-12,,0,2.62
7-Nov-12,,0,9.166
8-Nov-12,,0,6.069
9-Nov-12,,0.21,3.77
10-Nov-12,,0,3.642
11-Nov-12,,0,2.828
12-Nov-12,,0.21,4.035
13-Nov-12,,0,3.16
14-Nov-12,,0,2.828
15-Nov-12,,0,3.77
16-Nov-12,,0,3.642
17-Nov-12,,0,3.16
18-Nov-12,,0,2.62
19-Nov-12,,0,2.147
20-Nov-12,,0,1.975
21-Nov-12,,0,1.892
22-Nov-12,,0,1.812
23-Nov-12,,1.04,1.659
24-Nov-12,,0,3.517
25-Nov-12,,0.63,13.492
26-Nov-12,,0.42,6.249
27-Nov-12,,0,3.77
28-Nov-12,,0,3.046
29-Nov-12,,0,2.828
30-Nov-12,,0,2.52
1-Dec-12,,0,2.101
2-Dec-12,,0.21,1.775
3-Dec-12,,1.67,1.676
4-Dec-12,,0,1.58
5-Dec-12,,0,1.402
6-Dec-12,,0,1.165
7-Dec-12,,1.04,1.093
8-Dec-12,,1.875,1.024
9-Dec-12,,0.32,14.291
10-Dec-12,,0,14.799
11-Dec-12,,0,6.641
12-Dec-12,,0,4.072
13-Dec-12,,0,3.039
14-Dec-12,,3.79,2.101
15-Dec-12,,6.51,1.165
16-Dec-12,,1.46,0.959
17-Dec-12,,0,0.838
18-Dec-12,,0.42,1.319
19-Dec-12,,0.42,1.165
20-Dec-12,,0.42,1.024
21-Dec-12,,2.08,1.024
22-Dec-12,,3.96,1.024
23-Dec-12,,1.88,1.24
24-Dec-12,,2.08,1.24
25-Dec-12,,1.46,11.099
26-Dec-12,,2.08,7.519
27-Dec-12,,1.67,7.831
28-Dec-12,,1.25,18.75
29-Dec-12,,4.38,8.824
30-Dec-12,,4.46,8.483
31-Dec-12,,6.5,9.539
1-Jan-13,,4.67,6.327
2-Jan-13,,5,5.798
3-Jan-13,,8.17,7.819
4-Jan-13,,12,13.504
5-Jan-13,,26.08,8.149
6-Jan-13,,14.71,6.058
7-Jan-13,,23.92,4.212
8-Jan-13,,22.13,4.414
9-Jan-13,,24.67,6.895
10-Jan-13,,30.08,13.504
11-Jan-13,,34.17,9.201
12-Jan-13,,34.67,5.546
13-Jan-13,,32.33,5.546
14-Jan-13,,31.33,3.305
15-Jan-13,,30.92,3.144
16-Jan-13,,28.75,2.989
17-Jan-13,,27.5,2.697
18-Jan-13,,27.33,2.301
19-Jan-13,,25.58,1.953
20-Jan-13,,18,1.745
21-Jan-13,,8.96,1.647
22-Jan-13,,1.25,2.989
23-Jan-13,,1.88,29.42
24-Jan-13,,4.5,43.402
25-Jan-13,,3.96,9.201
26-Jan-13,,7.08,6.606
27-Jan-13,,7.08,4.843
28-Jan-13,,8.08,8.149
29-Jan-13,,9.92,10.358
30-Jan-13,,5.54,6.327
31-Jan-13,,5.21,3.828
1-Feb-13,,1.25,3.826
2-Feb-13,,0.83,4.056
3-Feb-13,,6.21,3.2
4-Feb-13,,0.63,12.203
5-Feb-13,,0,40.3
6-Feb-13,,0,12.203
7-Feb-13,,4.58,9.103
8-Feb-13,,7.08,6.68
9-Feb-13,,11.08,4.297
10-Feb-13,,11.38,3.826
11-Feb-13,,6.88,3.2
12-Feb-13,,6.79,2.832
13-Feb-13,,7.46,2.198
14-Feb-13,,7.29,2.499
15-Feb-13,,6.71,2.198
16-Feb-13,,7.38,2.06
17-Feb-13,,6.83,1.929
18-Feb-13,,3.13,4.056
19-Feb-13,,2.71,3.399
20-Feb-13,,0.42,2.661
21-Feb-13,,0,2.345
22-Feb-13,,0,2.198
23-Feb-13,,0,28.207
24-Feb-13,,0.83,5.381
25-Feb-13,,0,16.122
26-Feb-13,,0,14.051
27-Feb-13,,0.4,12.796
28-Feb-13,,0.02,12.203
1-Mar-13,,0.39,11.15
2-Mar-13,,9.81,12.543
3-Mar-13,,73.92,47.884
4-Mar-13,,109.08,43.741
5-Mar-13,,71.13,35.164
6-Mar-13,,66.75,29.895
7-Mar-13,,56.04,18.371
8-Mar-13,,58.71,11.115
9-Mar-13,,54.29,7.925
10-Mar-13,,43.96,6.332
11-Mar-13,,27.13,5.248
12-Mar-13,,23.25,6.332
13-Mar-13,,26.29,14.666
14-Mar-13,,50.5,41.139
15-Mar-13,,84.42,13.049
16-Mar-13,,69.71,26.145
17-Mar-13,,65.92,34.056
18-Mar-13,,70.54,81.836
19-Mar-13,,125.42,41.139
20-Mar-13,,235.71,21.988
21-Mar-13,,134.54,12.052
22-Mar-13,,101.46,8.645
23-Mar-13,,82.13,6.046
24-Mar-13,,66.83,5.248
25-Mar-13,,54.38,4.536
26-Mar-13,,44.5,4.316
27-Mar-13,,38.75,4.316
28-Mar-13,,38,13.049
29-Mar-13,,31.83,6.046
30-Mar-13,,35.75,4.764
31-Mar-13,,25.63,5.248
1-Apr-13,,10.13,
2-Apr-13,,1.33,
3-Apr-13,,2.29,
4-Apr-13,,0.21,
5-Apr-13,,0,
6-Apr-13,,0,
7-Apr-13,,0,
8-Apr-13,,0,
9-Apr-13,,0,
10-Apr-13,,0,
11-Apr-13,,0,
12-Apr-13,,0,
13-Apr-13,,0,
14-Apr-13,,0,
15-Apr-13,,0,
16-Apr-13,,0,
17-Apr-13,,0,
18-Apr-13,,0,
19-Apr-13,,0,
20-Apr-13,,0,
21-Apr-13,,0,
22-Apr-13,,0,
23-Apr-13,,0,
24-Apr-13,,0,
25-Apr-13,,0,
26-Apr-13,,0,
27-Apr-13,,0,
28-Apr-13,,0,
29-Apr-13,,0,
30-Apr-13,,0,
1-May-13,,0,
2-May-13,,0,
3-May-13,,0,
4-May-13,,0,
5-May-13,,0,
6-May-13,,0,
7-May-13,,0,
8-May-13,,0,
9-May-13,,0,
10-May-13,,0,
11-May-13,,0,
12-May-13,,0,
13-May-13,,0,
14-May-13,,0,
15-May-13,,0,
16-May-13,,0,
17-May-13,,0,
18-May-13,,0,
19-May-13,,0,
20-May-13,,0,
21-May-13,,0,
22-May-13,,0,
23-May-13,,0,
24-May-13,,0,
25-May-13,,0,
26-May-13,,0,
27-May-13,,0,
28-May-13,,0,
29-May-13,,0,
30-May-13,,0,
31-May-13,,0,
1-Jun-13,,0,
2-Jun-13,,0,
3-Jun-13,,0,
4-Jun-13,,0,
5-Jun-13,,0,
6-Jun-13,,0,
7-Jun-13,,0,
8-Jun-13,,0,
9-Jun-13,,0,
10-Jun-13,,0,
11-Jun-13,,0,
12-Jun-13,,0,
13-Jun-13,,0,
14-Jun-13,,0,
15-Jun-13,,0,
16-Jun-13,,0,
17-Jun-13,,0,
18-Jun-13,,0,
19-Jun-13,,0,
20-Jun-13,,0,
21-Jun-13,,0,
22-Jun-13,,0,
23-Jun-13,,0,
24-Jun-13,,0,
25-Jun-13,,0,
26-Jun-13,,0,
27-Jun-13,,0,
28-Jun-13,,0,
29-Jun-13,,0,
30-Jun-13,,0,
1-Jul-13,,0,
2-Jul-13,,0,
3-Jul-13,,0,
4-Jul-13,,0,
5-Jul-13,,0,
6-Jul-13,,0,
7-Jul-13,,0.25,
8-Jul-13,,0.4,
9-Jul-13,,3.03,
10-Jul-13,,0.83,
11-Jul-13,,0,
12-Jul-13,,0.04,
13-Jul-13,,0.13,
14-Jul-13,,0,
15-Jul-13,,0,
16-Jul-13,,0,
17-Jul-13,,0,
18-Jul-13,,0,
19-Jul-13,,0,
20-Jul-13,,0,
21-Jul-13,,0,
22-Jul-13,,0,
23-Jul-13,,0,
24-Jul-13,,0,
25-Jul-13,,0,
26-Jul-13,,0,
27-Jul-13,,0,
28-Jul-13,,0,
29-Jul-13,,0,
30-Jul-13,,0,
31-Jul-13,,0,
1-Aug-13,,0,
2-Aug-13,,0,
3-Aug-13,,0,
4-Aug-13,,0,
5-Aug-13,,0,
6-Aug-13,,0,
7-Aug-13,,0,
8-Aug-13,,0,
9-Aug-13,,0,
10-Aug-13,,0,
11-Aug-13,,0,
12-Aug-13,,0,
13-Aug-13,,0,
14-Aug-13,,0,
15-Aug-13,,,
16-Aug-13,,0,
17-Aug-13,,0,
18-Aug-13,,0,
19-Aug-13,,0,
20-Aug-13,,0,
21-Aug-13,,0,
22-Aug-13,,0,
23-Aug-13,,0,
24-Aug-13,,0,
25-Aug-13,,0,
26-Aug-13,,0,
27-Aug-13,,0,
28-Aug-13,,0,
29-Aug-13,,0,
30-Aug-13,,0.1,
31-Aug-13,,0.15,
1-Sep-13,,0,0.263
2-Sep-13,,0,0.235
3-Sep-13,,0,0.235
4-Sep-13,,0,0.208
5-Sep-13,,0,0.194
6-Sep-13,,1.17,0.167
7-Sep-13,,2,0.153
8-Sep-13,,0,0.14
9-Sep-13,,0,0.14
10-Sep-13,,0,0.126
11-Sep-13,,0,0.126
12-Sep-13,,0,0.112
13-Sep-13,,0,0.112
14-Sep-13,,0,0.112
15-Sep-13,,0,0.112
16-Sep-13,,0,0.112
17-Sep-13,,0,0.208
18-Sep-13,,0,0.194
19-Sep-13,,0,0.181
20-Sep-13,,0,0.358
21-Sep-13,,0,0.194
22-Sep-13,,0,0.167
23-Sep-13,,0,0.153
24-Sep-13,,0,0.14
25-Sep-13,,0,0.126
26-Sep-13,,0,0.126
27-Sep-13,,0,0.153
28-Sep-13,,0,0.14
29-Sep-13,,0,0.126
30-Sep-13,,0,0.126
1-Oct-13,,0,0.858
2-Oct-13,,0,0.507
3-Oct-13,,0,0.431
4-Oct-13,,0,0.333
5-Oct-13,,0,3.37
6-Oct-13,,0,20.769
7-Oct-13,,0,5.687
8-Oct-13,,0,2.2
9-Oct-13,,0,1.203
10-Oct-13,,0,1.852
11-Oct-13,,0,1.645
12-Oct-13,,0,1.283
13-Oct-13,,0,18.804
14-Oct-13,,0,11.428
15-Oct-13,,0,12.317
16-Oct-13,,0,5.946
17-Oct-13,,0,3.725
18-Oct-13,,0,3.203
19-Oct-13,,0,2.079
20-Oct-13,,0,1.645
21-Oct-13,,0,1.367
22-Oct-13,,0,4.963
23-Oct-13,,0,3.544
24-Oct-13,,0,2.079
25-Oct-13,,0,1.367
26-Oct-13,,0,1.054
27-Oct-13,,0,1.852
28-Oct-13,,0,10.188
29-Oct-13,,0,3.37
30-Oct-13,,0,2.738
31-Oct-13,,0,2.457
1-Nov-13,,0,2.457
2-Nov-13,,0,2.457
3-Nov-13,,0,2.326
4-Nov-13,,0,3.544
5-Nov-13,,0,0.858
6-Nov-13,,0,0.691
7-Nov-13,,0,0.594
8-Nov-13,,0,0.594
9-Nov-13,,0,0.549
10-Nov-13,,0,0.507
11-Nov-13,,0,0.468
12-Nov-13,,0,0.364
13-Nov-13,,0,0.364
14-Nov-13,,0,0.364
15-Nov-13,,0,0.549
16-Nov-13,,0,0.364
17-Nov-13,,0,0.333
18-Nov-13,,0,0.333
19-Nov-13,,0,0.333
20-Nov-13,,0,0.305
21-Nov-13,,0,0.305
22-Nov-13,,0,0.305
23-Nov-13,,0,0.305
24-Nov-13,,0,0.253
25-Nov-13,,0,0.23
26-Nov-13,,0,0.209
27-Nov-13,,0,0.189
28-Nov-13,,0,0.11
29-Nov-13,,0,0.11
30-Nov-13,,0,0.11
1-Dec-13,,0,1.746
2-Dec-13,,0,1.746
3-Dec-13,,0,1.746
4-Dec-13,,0,1.746
5-Dec-13,,0,0.594
6-Dec-13,,0,0.594
7-Dec-13,,0,0.594
8-Dec-13,,0,0.594
9-Dec-13,,0,0.431
10-Dec-13,,0,1.203
11-Dec-13,,0,8.695
12-Dec-13,,0,3.042
13-Dec-13,,0,1.746
14-Dec-13,,0,1.548
15-Dec-13,,0,2.457
16-Dec-13,,0.18,2.079
17-Dec-13,,0.59,3.37
18-Dec-13,,0.23,3.37
19-Dec-13,,0.08,2.326
20-Dec-13,,0,1.455
21-Dec-13,,0,1.127
22-Dec-13,,0,0.985
23-Dec-13,,0,0.92
24-Dec-13,,0,0.799
25-Dec-13,,0,0.799
26-Dec-13,,0,0.507
27-Dec-13,,0,0.431
28-Dec-13,,0,0.431
29-Dec-13,,0,0.431
30-Dec-13,,0,3.203
31-Dec-13,0,0.04,2.079
1-Jan-14,0,0,1.963
2-Jan-14,0,0,1.746
3-Jan-14,0,0,1.548
4-Jan-14,0,0,1.548
5-Jan-14,0,0,6.213
6-Jan-14,0,0,10.188
7-Jan-14,0,0,6.213
8-Jan-14,0,0,4.108
9-Jan-14,0,0,2.595
10-Jan-14,0,0,1.963
11-Jan-14,0,0,1.963
12-Jan-14,0,0,1.455
13-Jan-14,0,0,1.283
14-Jan-14,0,0,1.127
15-Jan-14,0,0,0.985
16-Jan-14,0,0,1.054
17-Jan-14,0,0,1.127
18-Jan-14,0,0,3.042
19-Jan-14,0,0,4.52
20-Jan-14,0,0,3.37
21-Jan-14,0,0,3.042
22-Jan-14,0,0,1.963
23-Jan-14,0,0,1.852
24-Jan-14,0,0,2.326
25-Jan-14,0,0,2.079
26-Jan-14,0,0,2.079
27-Jan-14,0,0,2.2
28-Jan-14,0,0,1.963
29-Jan-14,0,0,1.645
30-Jan-14,0,0,0.92
31-Jan-14,0,0,0.858
1-Feb-14,0,0,1.203
2-Feb-14,0,0,1.203
3-Feb-14,0,0,1.127
4-Feb-14,0,0,1.203
5-Feb-14,0,0,1.054
6-Feb-14,0,0,0.92
7-Feb-14,0,2.4,0.985
8-Feb-14,0,0,1.548
9-Feb-14,0,0,2.326
10-Feb-14,0,0,1.963
11-Feb-14,0,0,1.645
12-Feb-14,0,0,6.213
13-Feb-14,0,0,4.108
14-Feb-14,0,0,1.852
15-Feb-14,0,0,1.127
16-Feb-14,0,0,1.645
17-Feb-14,0,0,1.645
18-Feb-14,0,0,1.645
19-Feb-14,0,0,1.283
20-Feb-14,0,0,2.595
21-Feb-14,0,0,3.203
22-Feb-14,0,0,2.887
23-Feb-14,0,0,2.326
24-Feb-14,0,0,2.2
25-Feb-14,0,0,3.544
26-Feb-14,0,0,4.52
27-Feb-14,0,0,2.2
28-Feb-14,12.56,0,2.887
1-Mar-14,16.13,0,
2-Mar-14,,0,
3-Mar-14,74.5,0,
4-Mar-14,64,0,
5-Mar-14,66.66,6.5,
6-Mar-14,59.75,20.33,
7-Mar-14,54.08,20.98,
8-Mar-14,48.83,19.43,
9-Mar-14,42.08,12.75,
10-Mar-14,34.25,6.29,
11-Mar-14,31.25,2.08,
12-Mar-14,24.67,0.63,
13-Mar-14,20.13,2.5,
14-Mar-14,16.25,0.83,
15-Mar-14,13.2,0.63,
16-Mar-14,12.41,4.17,
17-Mar-14,11.8,2.29,
18-Mar-14,10.91,2.71,
19-Mar-14,9.62,0.416,
20-Mar-14,8.49,0,
21-Mar-14,7.76,0.208,
22-Mar-14,7.36,0.416,
23-Mar-14,7.45,4.17,
24-Mar-14,8.24,0,
25-Mar-14,20.58,4.5,
26-Mar-14,67.58,10.5,
27-Mar-14,47.83,11.96,
28-Mar-14,36,36.91,
29-Mar-14,28.58,38.29,
30-Mar-14,24.17,33.67,
31-Mar-14,19.42,0,
1-Apr-14,13.93,29.75,
2-Apr-14,11.28,24.04,
3-Apr-14,5.23,21.54,
4-Apr-14,4.43,18.25,
5-Apr-14,3.8,6.5,
6-Apr-14,3.55,3.58,
7-Apr-14,3.65,7.29,
8-Apr-14,3.17,18.88,
9-Apr-14,,10.21,
10-Apr-14,2.7,1.46,
11-Apr-14,2.55,0,
12-Apr-14,2.47,0,
13-Apr-14,1.98,1.25,
14-Apr-14,1.65,0.42,
15-Apr-14,1.15,0,
16-Apr-14,0.78,0,
17-Apr-14,0.5,0,
18-Apr-14,0.3,0.42,
19-Apr-14,0.28,0.42,
20-Apr-14,0.3,0.21,
21-Apr-14,0.3,0,
22-Apr-14,0.3,0,
23-Apr-14,0.3,0,
24-Apr-14,0.2,0,
25-Apr-14,0.3,0,
26-Apr-14,0.2,0,
27-Apr-14,0.3,0.67,
28-Apr-14,0.3,0,
29-Apr-14,0.1,0,
30-Apr-14,,0,
1-May-14,,0,
2-May-14,,0.21,
3-May-14,,0.63,
4-May-14,,0,
5-May-14,,0,
6-May-14,,0,
7-May-14,2.5,0.6,
8-May-14,3.5,0,
9-May-14,3.3,0,
10-May-14,3.1,0.79,
11-May-14,3.1,13.75,
12-May-14,3.1,14.13,
13-May-14,3.1,6.79,
14-May-14,,0.21,
15-May-14,,0,
16-May-14,,2.92,
17-May-14,3.1,4.83,
18-May-14,,7.17,
19-May-14,,6.92,
20-May-14,,7.33,
21-May-14,,11.99,
22-May-14,3.1,20.03,
23-May-14,4,21.5,
24-May-14,3.62,21.92,
25-May-14,,18.29,
26-May-14,4.27,14.46,
27-May-14,3.5,10.96,
28-May-14,,10.58,
29-May-14,3.06,10.17,
30-May-14,,8.5,
31-May-14,3.2,0,
1-Jun-14,3.2,0,
2-Jun-14,,0,
3-Jun-14,3,0,
4-Jun-14,3,0,
5-Jun-14,,0,
6-Jun-14,,0,
7-Jun-14,2.5,0,
8-Jun-14,,0,
9-Jun-14,,0,
10-Jun-14,1.2,0,
11-Jun-14,,0,
12-Jun-14,,0,
13-Jun-14,,0,
14-Jun-14,,0,
15-Jun-14,,0,
16-Jun-14,,0,
17-Jun-14,,0,
18-Jun-14,,0,
19-Jun-14,1.5,0,
20-Jun-14,,2.75,
21-Jun-14,,15.73,
22-Jun-14,,1.04,
23-Jun-14,,0,
24-Jun-14,,0,
25-Jun-14,,3.54,
26-Jun-14,,2.71,
27-Jun-14,,1.25,
28-Jun-14,,1.25,
29-Jun-14,,1.04,
30-Jun-14,0,1.67,
1-Jul-14,0,1.67,
2-Jul-14,0,1.25,
3-Jul-14,0,0,
4-Jul-14,0,0.63,
5-Jul-14,0,0.21,
6-Jul-14,0,1.04,
7-Jul-14,0,1.46,
8-Jul-14,0,1.67,
9-Jul-14,0,0.42,
10-Jul-14,0,0,
11-Jul-14,0,4.79,
12-Jul-14,0,1.88,
13-Jul-14,0,0,
14-Jul-14,0,0,
15-Jul-14,0,0,
16-Jul-14,0,0,
17-Jul-14,0,0,
18-Jul-14,0,0.16,
19-Jul-14,0,0,
20-Jul-14,0,0,
21-Jul-14,0,0,
22-Jul-14,0,0,
23-Jul-14,0,0,
24-Jul-14,0,0,
25-Jul-14,0,0,
26-Jul-14,0,0.83,
27-Jul-14,0,1.04,
28-Jul-14,0,0.42,
29-Jul-14,0,0,
30-Jul-14,0,0,
31-Jul-14,0,0,
1-Aug-14,0,1.46,
2-Aug-14,0,0.625,
3-Aug-14,0,0,
4-Aug-14,0,0,
5-Aug-14,0,0,
6-Aug-14,0,0,
7-Aug-14,0,0,
8-Aug-14,0,3.12,
9-Aug-14,0,0,
10-Aug-14,0,0,
11-Aug-14,0,0,
12-Aug-14,0,0,
13-Aug-14,0,0.83,
14-Aug-14,0,2.71,
15-Aug-14,0,0.63,
16-Aug-14,0,0,
17-Aug-14,0,0,
18-Aug-14,0,0,
19-Aug-14,0,0,
20-Aug-14,0,0,
21-Aug-14,0,0,
22-Aug-14,0,0,
23-Aug-14,0,2.5,
24-Aug-14,0,0,
25-Aug-14,0,0,
26-Aug-14,0,0,
27-Aug-14,0,0,
28-Aug-14,0,0,
29-Aug-14,0,0.21,
30-Aug-14,0,,
31-Aug-14,0,0,
1-Sep-14,0,0,
2-Sep-14,0,0,
3-Sep-14,0,0,
4-Sep-14,0,0,
5-Sep-14,0,0,
6-Sep-14,0,0,
7-Sep-14,0,0,
8-Sep-14,0,0,
9-Sep-14,0,0,
10-Sep-14,0,0,
11-Sep-14,0,0,
12-Sep-14,0,0,
13-Sep-14,0,0,
14-Sep-14,0,0,
15-Sep-14,0,0,
16-Sep-14,0,0,
17-Sep-14,0,0,
18-Sep-14,0,10.13,
19-Sep-14,0,5,
20-Sep-14,0,0,
21-Sep-14,0,0,
22-Sep-14,0,0,
23-Sep-14,0,0,
24-Sep-14,0,0,
25-Sep-14,0,0,
26-Sep-14,0,0,
27-Sep-14,0,0,
28-Sep-14,0,0,
29-Sep-14,0,0,
30-Sep-14,0,0,
1-Oct-14,0,0,
2-Oct-14,0,0,
3-Oct-14,0,0,
4-Oct-14,0,0,
5-Oct-14,0,0,
6-Oct-14,0,0,
7-Oct-14,0,0,
8-Oct-14,0,0,
9-Oct-14,0,0,
10-Oct-14,0,0,
11-Oct-14,0,0,
12-Oct-14,0,11.25,
13-Oct-14,0,1.04,
14-Oct-14,0,0,
15-Oct-14,0,0,
16-Oct-14,0,0,
17-Oct-14,0,0,
18-Oct-14,0,0,
19-Oct-14,0,0,
20-Oct-14,0,0,
21-Oct-14,0,0.5,
22-Oct-14,0,0,
23-Oct-14,0,0,
24-Oct-14,0,0,
25-Oct-14,0,0,
26-Oct-14,0,0,
27-Oct-14,0,0,
28-Oct-14,0,0,
29-Oct-14,0,0,
30-Oct-14,0,0,
31-Oct-14,0,0,
1-Nov-14,0,0,
2-Nov-14,0,0,
3-Nov-14,0,0,
4-Nov-14,0,0,
5-Nov-14,0,0,
6-Nov-14,0,0,
7-Nov-14,0,0,
8-Nov-14,0,0,
9-Nov-14,0,0,
10-Nov-14,0,0,
11-Nov-14,0,5.63,
12-Nov-14,0,7,
13-Nov-14,0,0.63,
14-Nov-14,0,0,
15-Nov-14,0,0,
16-Nov-14,0,0,
17-Nov-14,0,0,
18-Nov-14,0,0,
19-Nov-14,0,0,
20-Nov-14,0,0,
21-Nov-14,0,0,
22-Nov-14,0,0,
23-Nov-14,0,0.63,
24-Nov-14,0,0,
25-Nov-14,0,0,
26-Nov-14,0,0,
27-Nov-14,0,0,
28-Nov-14,0,0,
29-Nov-14,0,0,
30-Nov-14,0,0,
1-Dec-14,0,0,
2-Dec-14,0,0,
3-Dec-14,0,0,
4-Dec-14,0,0,
5-Dec-14,0,0,
6-Dec-14,0,0,
7-Dec-14,0,0,
8-Dec-14,0,0,
9-Dec-14,0,0,
10-Dec-14,0,5.21,
11-Dec-14,0,9.38,
12-Dec-14,0,0,
13-Dec-14,0,0,
14-Dec-14,0,0,
15-Dec-14,0,0,
16-Dec-14,0,0,
17-Dec-14,0,0,
18-Dec-14,0,0,
19-Dec-14,0,0,
20-Dec-14,0,0,
21-Dec-14,0,0,
22-Dec-14,0,0,
23-Dec-14,0,0,
24-Dec-14,0,0,
25-Dec-14,0,0,
26-Dec-14,0,0,
27-Dec-14,0,0,
28-Dec-14,0,0,
29-Dec-14,0,0,
30-Dec-14,0,0,
31-Dec-14,0,0.42,
1-Jan-15,0,0.42,
2-Jan-15,0,0.33,
3-Jan-15,0,0,
4-Jan-15,0,1.25,
5-Jan-15,0,0,
6-Jan-15,0,0,
7-Jan-15,0,0,
8-Jan-15,0,1.04,
9-Jan-15,0,0,
10-Jan-15,0,0,
11-Jan-15,0,0,
12-Jan-15,0,0,
13-Jan-15,0,6.04,
14-Jan-15,0,9.65,
15-Jan-15,0,0.625,
16-Jan-15,0,0,
17-Jan-15,0,0,
18-Jan-15,0,1.67,
19-Jan-15,0,0,
20-Jan-15,0,0,
21-Jan-15,0,0.21,
22-Jan-15,0,0,
23-Jan-15,0,0,
24-Jan-15,0,0,
25-Jan-15,0,0,
26-Jan-15,0,0,
27-Jan-15,0,0.63,
28-Jan-15,0,0,
29-Jan-15,0,0,
30-Jan-15,0,0,
31-Jan-15,0,0,
1-Feb-15,0,0.63,
2-Feb-15,0,0,
3-Feb-15,0,0.21,
4-Feb-15,0,0.42,
5-Feb-15,0,0,
6-Feb-15,0,0,
7-Feb-15,0,0,
8-Feb-15,0,1.67,
9-Feb-15,0,0,
10-Feb-15,0,0,
11-Feb-15,0,0,
12-Feb-15,0,0,
13-Feb-15,0,0,
14-Feb-15,0,0,
15-Feb-15,0,0.08,
16-Feb-15,0,0,
17-Feb-15,0,0,
18-Feb-15,0,0,
19-Feb-15,0,0,
20-Feb-15,0,0,
21-Feb-15,0,0,
22-Feb-15,0,0,
23-Feb-15,0,0,
24-Feb-15,0,0,
25-Feb-15,0,0.13,
26-Feb-15,0,0,
27-Feb-15,0,0,
28-Feb-15,4.73,0,
1-Mar-15,4.06,0,
2-Mar-15,3.97,0,
3-Mar-15,4.08,0,
4-Mar-15,,0,
5-Mar-15,,0,
6-Mar-15,,0,
7-Mar-15,3.18,0,
8-Mar-15,2.72,0,
9-Mar-15,1.73,0,
10-Mar-15,1.2,0,
11-Mar-15,,0,
12-Mar-15,,0,
13-Mar-15,0.3,0,
14-Mar-15,1.26,0,
15-Mar-15,19.28,0,
16-Mar-15,22.17,0,
17-Mar-15,36.08,0,
18-Mar-15,106.42,3.13,
19-Mar-15,310.92,83.29,
20-Mar-15,291.67,176.38,
21-Mar-15,385.92,295.73,
22-Mar-15,379.1,414.44,
23-Mar-15,303.5,494.85,
24-Mar-15,314.25,441.45,
25-Mar-15,364.5,458,
26-Mar-15,377.42,623.16,
27-Mar-15,371.58,563.56,
28-Mar-15,241.08,623.49,
29-Mar-15,227.08,359.3,
30-Mar-15,312.1,248.2,
31-Mar-15,266.63,394.46,
1-Apr-15,175.83,337.35,
2-Apr-15,142.25,225.74,
3-Apr-15,123.67,177.86,
4-Apr-15,165.75,165.58,
5-Apr-15,144.75,211.33,
6-Apr-15,114.42,194.76,
7-Apr-15,96.42,158.6,
8-Apr-15,82.42,134.42,
9-Apr-15,70.25,117.28,
10-Apr-15,62.58,103.58,
11-Apr-15,54.16,97.78,
12-Apr-15,48.5,89.95,
13-Apr-15,45.33,76.96,
14-Apr-15,42.92,70.12,
15-Apr-15,42.58,71.4,
16-Apr-15,62.75,61.38,
17-Apr-15,53.58,63.13,
18-Apr-15,49.92,77.65,
19-Apr-15,47.42,76.39,
20-Apr-15,47.08,69.05,
21-Apr-15,62.08,64.37,
22-Apr-15,55.58,68.16,
23-Apr-15,52.08,62.49,
24-Apr-15,49.58,67.61,
25-Apr-15,46.67,74.79,
26-Apr-15,45.5,49.63,
27-Apr-15,41.83,41.88,
28-Apr-15,37.92,35.16,
29-Apr-15,34.67,27,
30-Apr-15,34.42,20.92,
1-May-15,32.42,26.79,
2-May-15,32.75,25.9,
3-May-15,35.08,30.79,
4-May-15,38.33,29.66,
5-May-15,36.83,28.42,
6-May-15,34,27.25,
7-May-15,31.25,25.33,
8-May-15,29.16,23.02,
9-May-15,29.3,24.75,
10-May-15,29.66,20.23,
11-May-15,28,17.68,
12-May-15,23.0828,21.28,
13-May-15,14.92,22.61,
14-May-15,12.08,23.92,
15-May-15,12.75,22.66,
16-May-15,12.16,23.83,
17-May-15,12.66,31.16,
18-May-15,12,27.75,
19-May-15,11.16,25.58,
20-May-15,9,17.33,
21-May-15,8,16.08,
22-May-15,7.75,12.13,
23-May-15,10.42,6.33,
24-May-15,10.08,3.42,
25-May-15,9,5.83,
26-May-15,8.33,5.08,
27-May-15,7,5.46,
28-May-15,7,3.83,
29-May-15,9.17,2.92,
30-May-15,10,4.75,
31-May-15,12,13.68,
1-Jun-15,11.58,12.6,
2-Jun-15,11.08,13.49,
3-Jun-15,10.42,14,
4-Jun-15,9.17,15.96,
5-Jun-15,8.42,36.64,
6-Jun-15,8.5,37.39,
7-Jun-15,9,38.5,
8-Jun-15,8.83,36,
9-Jun-15,7,36,
10-Jun-15,7,38.46,
11-Jun-15,7.33,38.71,
12-Jun-15,6.75,42.92,
13-Jun-15,6.16,43.5,
14-Jun-15,6,43.08,
15-Jun-15,5.25,38,
16-Jun-15,2.63,37.38,
17-Jun-15,2.03,37.54,
18-Jun-15,0.1,37.94,
19-Jun-15,0.1,38.42,
20-Jun-15,0.23,41.1,
21-Jun-15,0.1,42.29,
22-Jun-15,0.1,37.63,
23-Jun-15,,21.35,
24-Jun-15,0.3,14.52,
25-Jun-15,0.1,26.23,
26-Jun-15,,40.56,
27-Jun-15,,38.65,
28-Jun-15,,35.83,
29-Jun-15,,32.65,
30-Jun-15,,28.91,
1-Jul-15,,18.25,
2-Jul-15,,20.58,
3-Jul-15,,20.31,
4-Jul-15,,18.58,
5-Jul-15,,29.66,
6-Jul-15,,31.42,
7-Jul-15,,14.71,
8-Jul-15,,8.83,
9-Jul-15,,0.63,
10-Jul-15,,0.63,
11-Jul-15,,1.15,
12-Jul-15,,0,
13-Jul-15,,3.54,
14-Jul-15,,6.75,
15-Jul-15,4.58,6.31,
16-Jul-15,3.85,6.83,
17-Jul-15,3.8,7,
18-Jul-15,3.73,7.56,
19-Jul-15,3.5,5.66,
20-Jul-15,,4.83,
21-Jul-15,2.5,6.85,
22-Jul-15,2.3,8.83,
23-Jul-15,1.9,7.54,
24-Jul-15,1.9,7.42,
25-Jul-15,1.5,8,
26-Jul-15,,8.25,
27-Jul-15,,11,
28-Jul-15,1.5,6.63,
29-Jul-15,1.3,6,
30-Jul-15,1.3,5.88,
31-Jul-15,1.3,7.25,
1-Aug-15,1.3,8,
2-Aug-15,1.13,5.54,
3-Aug-15,,6.42,
4-Aug-15,0.93,6.54,
5-Aug-15,0.93,5.5,
6-Aug-15,0.7,5,
7-Aug-15,0.7,5,
8-Aug-15,0.7,2.5,
9-Aug-15,0.7,1.04,
10-Aug-15,0.7,0,
11-Aug-15,0.6,0,
12-Aug-15,0.6,0.1,
13-Aug-15,0.6,0,
14-Aug-15,0.6,0,
15-Aug-15,0.3,0,
16-Aug-15,0.3,0,
17-Aug-15,0.133,0,
18-Aug-15,0.1,0,
19-Aug-15,0,0,
20-Aug-15,0,0,
21-Aug-15,0,0,
22-Aug-15,0,0,
23-Aug-15,0,0,
24-Aug-15,0,0,
25-Aug-15,0,0,
26-Aug-15,0,0,
27-Aug-15,0,0,
28-Aug-15,0,0,
29-Aug-15,0,0,
30-Aug-15,0,0,
31-Aug-15,0,0.4,
1-Sep-15,0,0.3,
2-Sep-15,0,0,
3-Sep-15,0,0.1,
4-Sep-15,0,0.04,
5-Sep-15,0,0,
6-Sep-15,0,0,
7-Sep-15,0,0,
8-Sep-15,0,0,
9-Sep-15,0,0,
10-Sep-15,0,0.42,
11-Sep-15,0,5.54,
12-Sep-15,0,0,
13-Sep-15,0,0,
14-Sep-15,0,0,
15-Sep-15,0,0,
16-Sep-15,0,0,
17-Sep-15,0,0,
18-Sep-15,0,0,
19-Sep-15,0,0,
20-Sep-15,0,0,
21-Sep-15,0,0,
22-Sep-15,0,0,
23-Sep-15,0,0,
24-Sep-15,0,0,
25-Sep-15,0,0,
26-Sep-15,0,0,
27-Sep-15,0,0,
28-Sep-15,0,0,
29-Sep-15,0,0,
30-Sep-15,0,0,
1-Oct-15,0,0.42,
2-Oct-15,0,0,
3-Oct-15,0,0,
4-Oct-15,0,0,
5-Oct-15,0,0,
6-Oct-15,0,0,
7-Oct-15,0,0,
8-Oct-15,0,0,
9-Oct-15,0,0,
10-Oct-15,0,0,
11-Oct-15,0,0,
12-Oct-15,0,0,
13-Oct-15,0,0,
14-Oct-15,0,0,
15-Oct-15,0,0,
16-Oct-15,0,0,
17-Oct-15,0,0,
18-Oct-15,0,0,
19-Oct-15,0,0,
20-Oct-15,0,0,
21-Oct-15,0,0,
22-Oct-15,0,0,
23-Oct-15,0,0,
24-Oct-15,0,0,
25-Oct-15,0,0,
26-Oct-15,0,0,
27-Oct-15,0,0,
28-Oct-15,0,0,
29-Oct-15,0,0,
30-Oct-15,0,0,
31-Oct-15,0,0,
1-Nov-15,0,0,
2-Nov-15,0,0,
3-Nov-15,0,0,
4-Nov-15,0,0,
5-Nov-15,0,0,
6-Nov-15,0,0,
7-Nov-15,0,0,
8-Nov-15,0,0,
9-Nov-15,0,0,
10-Nov-15,0,0,
11-Nov-15,0,0,
12-Nov-15,0,0,
13-Nov-15,0,0,
14-Nov-15,0,0,
15-Nov-15,0,0,
16-Nov-15,0,0,
17-Nov-15,0,0,
18-Nov-15,0,0,
19-Nov-15,0,0,
20-Nov-15,0,0,
21-Nov-15,0,0,
22-Nov-15,0,0,
23-Nov-15,0,0,
24-Nov-15,0,0,
25-Nov-15,,0.38,
26-Nov-15,0,0.5,
27-Nov-15,0,0.33,
28-Nov-15,0,0,
29-Nov-15,0,0,
30-Nov-15,0,0,
1-Dec-15,0,0,
2-Dec-15,0,0,
3-Dec-15,0,0,
4-Dec-15,0,0,
5-Dec-15,0,0,
6-Dec-15,0,0,
7-Dec-15,0,0,
8-Dec-15,0,0,
9-Dec-15,0,0,
10-Dec-15,0,0,
11-Dec-15,0,0,
12-Dec-15,0,0,
13-Dec-15,0,0,
14-Dec-15,0,0,
15-Dec-15,0,0,
16-Dec-15,0,0,
17-Dec-15,0,0,
18-Dec-15,0,0,
19-Dec-15,0,0,
20-Dec-15,0,0,
21-Dec-15,0,0,
22-Dec-15,0,0,
23-Dec-15,0,0,
24-Dec-15,0,0,
25-Dec-15,0,0.16,
26-Dec-15,0,0,
27-Dec-15,0,0,
28-Dec-15,0,0,
29-Dec-15,0,0,
30-Dec-15,0,0,
31-Dec-15,0,0.56,
1-Jan-16,0,0.21,3.639
2-Jan-16,0,0,3.434
3-Jan-16,0,0,2.858
4-Jan-16,0,0,0.718
5-Jan-16,0,0,1.177
6-Jan-16,0,0,1.501
7-Jan-16,0,0,1.501
8-Jan-16,0,0,3.235
9-Jan-16,0,0,1.89
10-Jan-16,0,0.83,1.623
11-Jan-16,0,0.63,1.501
12-Jan-16,0,1.67,1.386
13-Jan-16,0,1.25,1.177
14-Jan-16,0,1.88,0.996
15-Jan-16,0,1.88,0.777
16-Jan-16,0,0,0.619
17-Jan-16,0,0,1.386
18-Jan-16,0,0,2.034
19-Jan-16,0,0,4.293
20-Jan-16,0,0,2.342
21-Jan-16,0,0.42,3.043
22-Jan-16,0,2.08,2.342
23-Jan-16,0,0,2.034
24-Jan-16,0,0,1.753
25-Jan-16,0,0,1.623
26-Jan-16,0,0.13,1.623
27-Jan-16,0,0,2.679
28-Jan-16,0,0,2.507
29-Jan-16,0,,1.501
30-Jan-16,0.6,0.21,1.89
31-Jan-16,8.26,0.83,25.83
1-Feb-16,7.5,0,16.662
2-Feb-16,3.3,0,0.97
3-Feb-16,2.9,1.71,6.032
4-Feb-16,8.73,5.83,5.252
5-Feb-16,16.83,1.46,9.638
6-Feb-16,10,17.11,22.639
7-Feb-16,6.13,26.1,15.858
8-Feb-16,,20.08,16.258
9-Feb-16,11.09,20.97,29.136
10-Feb-16,23.3,25.33,29.136
11-Feb-16,14.67,30.46,20.873
12-Feb-16,9.53,30.33,20.873
13-Feb-16,5.34,24.17,22.639
14-Feb-16,3.98,5.21,20.438
15-Feb-16,6.47,2.71,8.987
16-Feb-16,5.3,1.46,12.787
17-Feb-16,4.3,1.67,20.006
18-Feb-16,2,0,9.638
19-Feb-16,,0,7.743
20-Feb-16,0.2,0,21.31
21-Feb-16,0.2,0,22.639
22-Feb-16,5,0,29.617
23-Feb-16,10.86,13.58,35.539
24-Feb-16,26.32,23.89,24.234
25-Feb-16,32.38,7.95,20.006
26-Feb-16,137.92,22.28,24.447
27-Feb-16,220.08,69.81,31.072
28-Feb-16,119,159.1,27.706
29-Feb-16,102.42,159.1,17.479
1-Mar-16,74.41,120.71,13.158
2-Mar-16,110.67,80.83,17.069
3-Mar-16,163.33,98.17,24.906
4-Mar-16,267,160.05,27.706
5-Mar-16,303.33,204.83,40.66
6-Mar-16,677,263.08,50.763
7-Mar-16,388.25,328.88,41.181
8-Mar-16,373,555.71,23.992
9-Mar-16,301.25,395.63,21.31
10-Mar-16,188.3,289.73,16.258
11-Mar-16,157.92,206.21,14.679
12-Mar-16,215.25,152.08,11.699
13-Mar-16,155.92,121.63,10.307
14-Mar-16,135,152.82,9.638
15-Mar-16,122,123.21,8.987
16-Mar-16,109.17,100.88,8.355
17-Mar-16,100.75,88.83,8.355
18-Mar-16,95,79.42,8.047
19-Mar-16,89.58,71.46,7.445
20-Mar-16,86.67,60.58,6.864
21-Mar-16,62,59.4,6.581
22-Mar-16,50,50.67,20.438
23-Mar-16,74.67,35,16.258
24-Mar-16,51,26.63,11.345
25-Mar-16,68.92,25.04,8.047
26-Mar-16,46,19.42,7.152
27-Mar-16,30,13.42,6.304
28-Mar-16,32.48,4.21,5.766
29-Mar-16,34.46,0,5.003
30-Mar-16,34.705,0,4.069
31-Mar-16,32.5,4.33,3.639
1-Apr-16,57.45,1.67,3.235
2-Apr-16,196.3,49.93,3.235
3-Apr-16,227.92,154.08,74.845
4-Apr-16,214.25,175.25,20.873
5-Apr-16,135.75,171.53,10.729
6-Apr-16,113.42,113.79,18.729
7-Apr-16,96.67,94.08,15.068
8-Apr-16,86.5,78.98,13.911
9-Apr-16,81.92,65,13.158
10-Apr-16,78.58,54.04,
11-Apr-16,94.9,54.6,10.307
12-Apr-16,,72.95,15.858
13-Apr-16,82.8,78.15,13.532
14-Apr-16,77,77.63,13.158
15-Apr-16,72.9,52.4,10.994
16-Apr-16,60.92,53.63,15.068
17-Apr-16,58.75,69.13,
18-Apr-16,54.5,69.67,44.331
19-Apr-16,50.83,57.08,24.447
20-Apr-16,44.8,51.75,15.461
21-Apr-16,45.5,42.12,14.293
22-Apr-16,42.75,36.7,13.158
23-Apr-16,40,33.01,12.058
24-Apr-16,39.67,32.57,10.649
25-Apr-16,38.1,33.95,13.911
26-Apr-16,37.25,29.68,12.058
27-Apr-16,37.58,28.3,11.699
28-Apr-16,42.1,29.25,16.662
29-Apr-16,39.3,52.37,13.532
30-Apr-16,38.41,97.63,12.058
1-May-16,36.75,45.3,10.307
2-May-16,34.83,37.83,9.638
3-May-16,33.75,24.79,9.638
4-May-16,32.33,19.63,8.047
5-May-16,31.4,17.75,7.152
6-May-16,30,16.38,6.864
7-May-16,29.2,8.5,6.304
8-May-16,29.1,2.29,10.994
9-May-16,28.02,2.08,8.987
10-May-16,26.4,9.17,9.31
11-May-16,27.67,10.38,9.97
12-May-16,26,11.5,6.581
13-May-16,24.5,12.21,6.032
14-May-16,24.2,12.3,5.252
15-May-16,23.7,11.81,5.252
16-May-16,22.12,0,4.76
17-May-16,21,9.38,4.523
18-May-16,20.3,10.5,5.252
19-May-16,19.41,5.58,3.851
20-May-16,10.175,3.13,3.851
21-May-16,10,0,6.032
22-May-16,9.4,1.88,5.506
23-May-16,9.025,4.33,7.743
24-May-16,8.27,10.67,16.662
25-May-16,7.1,12.96,6.864
26-May-16,5.72,13,5.766
27-May-16,5.6,10.21,4.293
28-May-16,5.31,11.96,3.851
29-May-16,4.9,22.08,3.235
30-May-16,4.38,21.96,3.043
31-May-16,4.2,10.25,28.58
1-Jun-16,,5.25,2.858
2-Jun-16,4.2,5,2.342
3-Jun-16,5.85,8.5,6.854
4-Jun-16,6.4,8.63,6.304
5-Jun-16,6.4,8.75,
6-Jun-16,6.85,3.13,5.252
7-Jun-16,6.4,3.75,2.507
8-Jun-16,5.73,1.88,2.342
9-Jun-16,5.13,2.5,2.034
10-Jun-16,4.5,4.71,2.034
11-Jun-16,4,3.67,2.034
12-Jun-16,2.98,16.79,8.355
13-Jun-16,2.98,23.92,3.639
14-Jun-16,1.39,23.25,3.235
15-Jun-16,0.6,16.63,2.184
16-Jun-16,0.6,12.54,2.184
17-Jun-16,0.6,10.54,1.89
18-Jun-16,0.6,8.75,1.623
19-Jun-16,0.6,0,1.623
20-Jun-16,0.6,4.46,1.501
21-Jun-16,0.6,6.04,1.386
22-Jun-16,3,8.29,1.278
23-Jun-16,3.5,15.13,1.278
24-Jun-16,3.22,29.69,1.083
25-Jun-16,3.2,34.41,1.083
26-Jun-16,2.9,28.53,1.083
27-Jun-16,2.9,29.04,1.083
28-Jun-16,2.675,35.17,2.034
29-Jun-16,2.6,41.17,3.434
30-Jun-16,2.45,33.75,1.501
1-Jul-16,,9.92,1.386
2-Jul-16,,8.05,1.278
3-Jul-16,2.3,4.36,1.083
4-Jul-16,2.2,3.96,1.083
5-Jul-16,1.4,0,1.083
6-Jul-16,,0,0.996
7-Jul-16,0.65,0,0.843
8-Jul-16,0.5,0,0.916
9-Jul-16,0.5,0,2.034
10-Jul-16,0.4,5.55,5.506
11-Jul-16,0.36,14.83,4.293
12-Jul-16,0.4,21.12,2.034
13-Jul-16,0.4,14.46,1.386
14-Jul-16,0.36,13.17,1.386
15-Jul-16,0.36,5.92,1.083
16-Jul-16,0.32,2.08,1.083
17-Jul-16,0.3,0.21,1.083
18-Jul-16,0.2,0,1.083
19-Jul-16,,0,1.278
20-Jul-16,,0,1.623
21-Jul-16,0.2,0,1.386
22-Jul-16,0.2,1.67,1.177
23-Jul-16,0.2,4.58,1.177
24-Jul-16,,2.92,1.083
25-Jul-16,,0,0.996
26-Jul-16,0.1,0,0.996
27-Jul-16,0.1,1.67,0.777
28-Jul-16,0.1,3.33,0.619
29-Jul-16,0.1,3.75,0.578
30-Jul-16,0,4.88,0.578
31-Jul-16,0,2.71,0.543
1-Aug-16,0,1.04,1
2-Aug-16,0,0,1
3-Aug-16,0,0,1
4-Aug-16,0,0,0.913
5-Aug-16,0,0,0.813
6-Aug-16,0,0,0.8
7-Aug-16,0,0,0.8
8-Aug-16,0,0,0.738
9-Aug-16,0,0,0.7
10-Aug-16,0,0,0.7
11-Aug-16,0,0,0.613
12-Aug-16,0,0,0.513
13-Aug-16,0,0,0.438
14-Aug-16,0,0,0.4
15-Aug-16,0,0,0.325
16-Aug-16,0,0,0.3
17-Aug-16,0,0,0.213
18-Aug-16,0,0,0.2
19-Aug-16,0,0,0.2
20-Aug-16,0,0,0.2
21-Aug-16,0,0,0.2
22-Aug-16,0,0,0.2
23-Aug-16,0,0,0.2
24-Aug-16,0,0,0.175
25-Aug-16,0,0,0.16
26-Aug-16,0,0.11,0.16
27-Aug-16,0,0,0.16
28-Aug-16,0,0,0.16
29-Aug-16,0,0,0.16
30-Aug-16,0,,0.16
31-Aug-16,0,0,0.16
1-Sep-16,0,0,0.16
2-Sep-16,0,0,0.16
3-Sep-16,0,0,0.16
4-Sep-16,0,0,0.16
5-Sep-16,0,0,0.16
6-Sep-16,0,0,0.16
7-Sep-16,0,0,0.16
8-Sep-16,0,0,0.16
9-Sep-16,0,0,0.16
10-Sep-16,0,0,0.16
11-Sep-16,0,0,0.16
12-Sep-16,0,0,0.16
13-Sep-16,0,0,0.16
14-Sep-16,0,0,0.16
15-Sep-16,0,0,0.16
16-Sep-16,0,0,0.16
17-Sep-16,0,0,0.16
18-Sep-16,0,0,0.16
19-Sep-16,0,0,0.16
20-Sep-16,0,0,0.16
21-Sep-16,0,4.5,0.16
22-Sep-16,0,2.92,0.16
23-Sep-16,0,0,0.16
24-Sep-16,0,0,0.16
25-Sep-16,0,0,0.16
26-Sep-16,0,0,0.16
27-Sep-16,0,0,0.16
28-Sep-16,0,0,0.16
29-Sep-16,0,0,0.16
30-Sep-16,0,0,0.16
1-Oct-16,0,0,0.16
2-Oct-16,0,0,0.16
3-Oct-16,0,0,0.16
4-Oct-16,0,0,0.16
5-Oct-16,0,0,0.16
6-Oct-16,0,0.06,0.16
7-Oct-16,0,0.02,0.16
8-Oct-16,0,0,0.16
9-Oct-16,0,0,0.16
10-Oct-16,0,0,0.16
11-Oct-16,0,0,0.66
12-Oct-16,0,0,0.538
13-Oct-16,0,0,0.788
14-Oct-16,0,0,0.625
15-Oct-16,0,0,0.513
16-Oct-16,0,0,0.5
17-Oct-16,0,0,0.5
18-Oct-16,0,0,0.5
19-Oct-16,0,0,0.413
20-Oct-16,0,0,0.463
21-Oct-16,0,0,0.5
22-Oct-16,0,0,0.5
23-Oct-16,0,0,0.5
24-Oct-16,0,0,0.5
25-Oct-16,0,0,0.5
26-Oct-16,0,0,0.5
27-Oct-16,0,0,0.5
28-Oct-16,0,0,0.5
29-Oct-16,0,0,0.413
30-Oct-16,0,0,0.4
31-Oct-16,0,0,0.4
1-Nov-16,0,0,0.4
2-Nov-16,0,0,0.4
3-Nov-16,0,0,0.4
4-Nov-16,0,0,0.4
5-Nov-16,0,0,0.4
6-Nov-16,0,0,0.313
7-Nov-16,0,0,0.3
8-Nov-16,0,0,0.3
9-Nov-16,0,0,0.3
10-Nov-16,0,0,0.3
11-Nov-16,0,0,0.213
12-Nov-16,0,0,0.2
13-Nov-16,0,0,0.2
14-Nov-16,0,0,0.2
15-Nov-16,0,0,0.2
16-Nov-16,0,0,0.165
17-Nov-16,0,0,0.16
18-Nov-16,0,0,0.16
19-Nov-16,0,0,0.16
20-Nov-16,0,0,0.16
21-Nov-16,0,0,0.16
22-Nov-16,0,0,0.16
23-Nov-16,0,0,0.16
24-Nov-16,0,0,0.16
25-Nov-16,0,0,0.16
26-Nov-16,0,0,0.16
27-Nov-16,0,0,0.16
28-Nov-16,0,0,0.16
29-Nov-16,0,0,0.16
30-Nov-16,0,0,0.16
1-Dec-16,0,0,0.16
2-Dec-16,0,0,0.16
3-Dec-16,0,0,0.16
4-Dec-16,0,0,0.16
5-Dec-16,0,0,0.16
6-Dec-16,0,0,0.16
7-Dec-16,0,0,0.16
8-Dec-16,0,0,0.16
9-Dec-16,0,0,0.16
10-Dec-16,0,0,0.16
11-Dec-16,0,0,0.16
12-Dec-16,0,0,0.16
13-Dec-16,0,0,0.16
14-Dec-16,0,0,0.16
15-Dec-16,0,0,0.16
16-Dec-16,0,0,1.285
17-Dec-16,0,0,1.263
18-Dec-16,0,0,0.775
19-Dec-16,0,0,0.85
20-Dec-16,0,0,4.313
21-Dec-16,0,0,3.563
22-Dec-16,0,0,2.625
23-Dec-16,0,0,2.063
24-Dec-16,0,0,1.563
25-Dec-16,0,0,1.763
26-Dec-16,0,0,1.538
27-Dec-16,0,0,1.313
28-Dec-16,0,0,1.125
29-Dec-16,0,0,1.75
30-Dec-16,0,0,2.825
31-Dec-16,0,0,2.35
1-Jan-17,0,0,1.825
2-Jan-17,0,0,2.063
3-Jan-17,0,0,2.063
4-Jan-17,0,0,2
5-Jan-17,0,0,2
6-Jan-17,0,0,10.5
7-Jan-17,0,0,12.688
8-Jan-17,0,0,8.563
9-Jan-17,0,0,5.125
10-Jan-17,0,0,4
11-Jan-17,0,0,4.875
12-Jan-17,0,0,3.875
13-Jan-17,0,0,2.875
14-Jan-17,0,0,2.8
15-Jan-17,0,0,6.225
16-Jan-17,0,0,3.813
17-Jan-17,0,0,2.988
18-Jan-17,0,0,2.688
19-Jan-17,0,0,1.988
20-Jan-17,0,0,1.688
21-Jan-17,0,0,1.5
22-Jan-17,8,0,3.938
23-Jan-17,11.55,0,6.063
24-Jan-17,14.17,0,4.763
25-Jan-17,17.75,0.5,5.125
26-Jan-17,20,5.29,13.375
27-Jan-17,16.45,7.71,11.625
28-Jan-17,15.45,11.92,8.813
29-Jan-17,13.61,13.54,9.313
30-Jan-17,23.63,18,10.5
31-Jan-17,111.67,30.42,7.063
1-Feb-17,151.67,97.27,8.188
2-Feb-17,183.58,167.07,17.25
3-Feb-17,128.17,248.79,19.5
4-Feb-17,99.17,242.83,24.5
5-Feb-17,79.5,179.71,14.5
6-Feb-17,83.17,143.79,12
7-Feb-17,79.42,182.58,9.938
8-Feb-17,100.25,161.12,9.438
9-Feb-17,94.83,141.12,12.75
10-Feb-17,386.1,167.29,14.25
11-Feb-17,234.87,465.38,24.25
12-Feb-17,137.08,466.88,11.875
13-Feb-17,123.25,203,9.5
14-Feb-17,108.08,160.84,8.063
15-Feb-17,120.92,136.62,7.313
16-Feb-17,149.83,309.46,8.875
17-Feb-17,209.58,316.02,9.563
18-Feb-17,165.08,213.75,9.188
19-Feb-17,204.83,158.71,9.625
20-Feb-17,379.25,293.83,9.625
21-Feb-17,395.58,456.67,11.25
22-Feb-17,384,210.33,21
23-Feb-17,610.41,666,33
24-Feb-17,542,918.58,20.5
25-Feb-17,639.83,1122.67,28.375
26-Feb-17,481.67,1520.3,22
27-Feb-17,425.41,1290,38.875
28-Feb-17,504.83,760,33.125
1-Mar-17,480.58,821.33,38.125
2-Mar-17,706.16,724.46,23.625
3-Mar-17,847.17,1642.75,21.875
4-Mar-17,465.5,1820.42,19.5
5-Mar-17,651.33,906.75,18.5
6-Mar-17,500.08,1300.42,19
7-Mar-17,795.17,1328.58,23.625
8-Mar-17,781.75,1663.38,29.375
9-Mar-17,490.5,1685.46,31.875
10-Mar-17,393.75,933.96,35.125
11-Mar-17,266.5,1273.29,35.625
12-Mar-17,403.5,863.33,41.375
13-Mar-17,479.58,1140.04,90
14-Mar-17,279.25,1080.29,92.5
15-Mar-17,303.42,645.58,40.5
16-Mar-17,510.58,1096.1,28.25
17-Mar-17,534.17,1420.25,20.625
18-Mar-17,490.42,1504.79,55.375
19-Mar-17,427.67,1701.92,92.5
20-Mar-17,257.25,1558.21,50
21-Mar-17,318.33,1543.79,38.375
22-Mar-17,370,1494,41.375
23-Mar-17,492.17,1096,43.75
24-Mar-17,632.5,1000.96,43.25
25-Mar-17,769.75,1988.88,45.125
26-Mar-17,473.58,2754.5,75.625
27-Mar-17,351.08,1557.46,69.375
28-Mar-17,409.25,920.46,40.625
29-Mar-17,487.58,1126.38,44.375
30-Mar-17,628.67,2254,56.25
31-Mar-17,390.25,1764.92,67.5
1-Apr-17,275.67,880.54,50.625
2-Apr-17,289.08,599.92,37.625
3-Apr-17,338.67,731.12,29.625
4-Apr-17,263.58,579.63,28.375
5-Apr-17,220.83,417.33,22.375
6-Apr-17,237.08,353.08,20.75
7-Apr-17,257,424.67,23
8-Apr-17,259.83,389.13,24.75
9-Apr-17,305.75,487.08,23.25
10-Apr-17,292.5,616.29,21.25
11-Apr-17,233.58,402.58,20
12-Apr-17,212.17,359.75,20.25
13-Apr-17,210.67,330.38,19.75
14-Apr-17,199.58,289.67,20.5
15-Apr-17,189,262.5,18.75
16-Apr-17,182.83,244.63,18
17-Apr-17,171.33,223.54,17.25
18-Apr-17,198,215.67,15.5
19-Apr-17,204.83,347.54,23.75
20-Apr-17,160.92,323.13,20
21-Apr-17,110.58,229.5,17.625
22-Apr-17,98.33,195.25,17
23-Apr-17,92.92,177.13,16.375
24-Apr-17,96.92,158,15.625
25-Apr-17,147.67,159,13.75
26-Apr-17,201.67,316,13.625
27-Apr-17,147.33,,13.625
28-Apr-17,121.67,,13
29-Apr-17,102.92,176,12.625
30-Apr-17,83.92,165.63,18.125
1-May-17,85.25,157.33,16.125
2-May-17,62.75,147.92,14
3-May-17,60,144.75,13.625
4-May-17,59,143.5,13
5-May-17,69.33,151.38,13.25
6-May-17,100.67,186.54,30.625
7-May-17,131.58,207.96,26.25
8-May-17,136.17,202.45,20.5
9-May-17,159.08,221.53,18
10-May-17,156.5,218.33,16.5
11-May-17,142.33,195.92,21.25
12-May-17,120.58,173.17,19.75
13-May-17,121.75,169.5,15.875
14-May-17,96.67,171.83,15.375
15-May-17,92.42,166.21,17
16-May-17,78.5,153.42,16.125
17-May-17,63.33,142.38,17.125
18-May-17,45,142.63,15.25
19-May-17,60.33,136.63,14
20-May-17,63.67,138.33,13
21-May-17,63.83,138.08,17.5
22-May-17,61.25,138,17
23-May-17,57.42,131.58,15.625
24-May-17,53.42,129.58,14.625
25-May-17,39.66,128.42,13.375
26-May-17,32.75,124.17,12.375
27-May-17,28.75,121.54,15.375
28-May-17,29.83,120.54,14.375
29-May-17,33,118.83,16.75
30-May-17,31,118,15.25
31-May-17,28.92,109.38,13.75
1-Jun-17,26.25,105,12
2-Jun-17,24.5,102.04,11.125
3-Jun-17,22.92,104.25,11
4-Jun-17,22.5,114.75,10.125
5-Jun-17,20.25,113,10.5
6-Jun-17,18.75,110.71,11.625
7-Jun-17,17.5,115.75,11
8-Jun-17,17,113.25,10.625
9-Jun-17,16.85,110.96,9.625
10-Jun-17,16,112.63,8.813
11-Jun-17,72.5,117.67,8.313
12-Jun-17,72.5,118.42,7.813
13-Jun-17,70,112.83,7.313
14-Jun-17,70,112.5,7
15-Jun-17,70,108.75,7.438
16-Jun-17,46,107.75,7.313
17-Jun-17,47.75,104,7
18-Jun-17,44,98.58,7
19-Jun-17,43.5,98.88,7
20-Jun-17,43,101.67,7
21-Jun-17,43,101.04,7
22-Jun-17,42.83,96.17,7.625
23-Jun-17,41,92.92,8
24-Jun-17,41,92.29,7.563
25-Jun-17,41,91.25,7.063
26-Jun-17,39.5,92.13,7
27-Jun-17,38.33,88.5,7
28-Jun-17,38,84.75,7
29-Jun-17,36,87,7
30-Jun-17,35,81.25,7.188
1-Jul-17,34,83,7.938
2-Jul-17,33.5,85,12
3-Jul-17,33,75.92,11.563
4-Jul-17,32,80.13,9.875
5-Jul-17,31,78,8.875
6-Jul-17,30.5,82,8.313
7-Jul-17,30,82,7.813
8-Jul-17,29,84,7.313
9-Jul-17,24.67,84,7
10-Jul-17,23.71,82.5,7
11-Jul-17,21.71,76,7
12-Jul-17,19.71,65.79,6.925
13-Jul-17,,53.17,6.538
14-Jul-17,,52.75,6.5
15-Jul-17,,41.5,6.063
16-Jul-17,13.58,46.63,6
17-Jul-17,12.28,43.75,5.813
18-Jul-17,14.5,44.04,
19-Jul-17,15.5,57.17,5.063
20-Jul-17,15.86,68.14,5
21-Jul-17,15,69.5,5
22-Jul-17,14.86,64.25,5
23-Jul-17,14,58.75,4.925
24-Jul-17,13.5,59.25,4.538
25-Jul-17,12.86,57.75,4.5
26-Jul-17,12,57,4.5
27-Jul-17,12,61.25,4.5
28-Jul-17,13,62.5,4.5
29-Jul-17,11.5,62,4.063
30-Jul-17,11,59,4
31-Jul-17,11.14,61.5,3.925
1-Aug-17,12.5,63.75,3.538
2-Aug-17,9,56.5,3.063
3-Aug-17,7.5,51.75,3
4-Aug-17,6,52.33,3
5-Aug-17,5,52.25,3
6-Aug-17,4,43.75,3
7-Aug-17,5,32.75,3
8-Aug-17,8.42,28,3
9-Aug-17,7.91,28.75,3
10-Aug-17,6.9,28.25,3
11-Aug-17,6.2,27.12,3
12-Aug-17,6.5,31.25,3
13-Aug-17,6.5,24,3
14-Aug-17,6.5,20.21,3
15-Aug-17,6.07,16.63,3
16-Aug-17,6.7,18.75,3
17-Aug-17,6.94,15.75,2.825
18-Aug-17,7.15,13.42,2.538
19-Aug-17,6.84,8.25,2.5
20-Aug-17,6.46,5.25,2.188
21-Aug-17,6.17,0,4.125
22-Aug-17,6,2.21,10.25
23-Aug-17,5.93,8.33,9.813
24-Aug-17,5.5,12.58,7.563
25-Aug-17,5.47,13.42,6
26-Aug-17,5.3,14.92,4.5
27-Aug-17,5.21,9,3.5
28-Aug-17,5.5,10.67,3.25
29-Aug-17,5.5,11.63,7.375
30-Aug-17,5.8,14.5,6.375
31-Aug-17,5.8,13.58,4.375
1-Sep-17,5,14.54,3.813
2-Sep-17,5.76,13.71,3.063
3-Sep-17,5.5,7.75,3
4-Sep-17,5.54,5.42,3
5-Sep-17,3.8,4.17,3
6-Sep-17,3.6,4.21,2.825
7-Sep-17,3.55,3.88,2.538
8-Sep-17,3.5,1.04,2.5
9-Sep-17,3.5,0,2.325
10-Sep-17,4.39,0,2.188
11-Sep-17,5.13,2.92,2
12-Sep-17,5.3,4.17,3.313
13-Sep-17,4.77,2.92,3.063
14-Sep-17,4.87,0.58,3
15-Sep-17,4.67,0.21,3
16-Sep-17,4.52,2.71,2.563
17-Sep-17,4.64,0.62,2.5
18-Sep-17,4.4,0,2.5
19-Sep-17,4.6,0,2.763
20-Sep-17,4.8,0,2.8
21-Sep-17,5.01,1.5,2.538
22-Sep-17,4.99,2.71,2.313
23-Sep-17,4.87,4.4,2
24-Sep-17,4.67,3.13,2
25-Sep-17,4.47,1.67,2
26-Sep-17,4.3,1.67,2
27-Sep-17,4.27,3.33,1.825
28-Sep-17,4.3,3.75,1.8
29-Sep-17,4.3,0,1.8
30-Sep-17,4.5,0.13,2.738
1-Oct-17,4.18,0.1,4.438
2-Oct-17,3.84,0,4.375
3-Oct-17,,0,3.375
4-Oct-17,,0,3.063
5-Oct-17,,0,4.188
6-Oct-17,,0,3.375
7-Oct-17,,0,2.925
8-Oct-17,,0,2.8
9-Oct-17,,0,2.613
10-Oct-17,,0,2.5
11-Oct-17,,0,2.313
12-Oct-17,,0,2
13-Oct-17,,0,2
14-Oct-17,,0,2
15-Oct-17,,0,2
16-Oct-17,,0,2.088
17-Oct-17,,0,2.5
18-Oct-17,,0,2.313
19-Oct-17,,0,2
20-Oct-17,,0,2
21-Oct-17,,0,2
22-Oct-17,,0,4.375
23-Oct-17,,0,10.375
24-Oct-17,,0,7.438
25-Oct-17,,0,4.813
26-Oct-17,,0,3.375
27-Oct-17,,0,3
28-Oct-17,,0,3
29-Oct-17,,0,3
30-Oct-17,,0,3
31-Oct-17,,0,
1-Nov-17,,0,2.8
2-Nov-17,,0,2.538
3-Nov-17,,0,2.5
4-Nov-17,,0,2.5
5-Nov-17,,0.13,2.313
6-Nov-17,,0,2
7-Nov-17,,0,2
8-Nov-17,,0,1.925
9-Nov-17,,0,1.8
10-Nov-17,,0,1.688
11-Nov-17,,0,1.313
12-Nov-17,,0,1
13-Nov-17,,0,1
14-Nov-17,,0,1
15-Nov-17,,0,1
16-Nov-17,,0,1
17-Nov-17,,0,1
18-Nov-17,,0,0.825
19-Nov-17,,0,0.8
20-Nov-17,,0,0.8
21-Nov-17,,0,0.8
22-Nov-17,,0,0.8
23-Nov-17,,0,0.8
24-Nov-17,,0,0.8
25-Nov-17,,0,0.8
26-Nov-17,,0,0.8
27-Nov-17,,0,0.8
28-Nov-17,,0,0.8
29-Nov-17,,0,3.725
30-Nov-17,,0,4.875
1-Dec-17,,0,2.688
2-Dec-17,,0,1.875
3-Dec-17,,0,1.5
4-Dec-17,,0,1.5
5-Dec-17,,0,2.563
6-Dec-17,,0,8.875
7-Dec-17,,0,6.188
8-Dec-17,,0,4.938
9-Dec-17,,0,3.938
10-Dec-17,,0,4.438
11-Dec-17,,0,3.375
12-Dec-17,,0,3
13-Dec-17,,0,3
14-Dec-17,,0,2.688
15-Dec-17,,0,2.438
16-Dec-17,,0,2
17-Dec-17,,7.5,2
18-Dec-17,,2.29,2
19-Dec-17,,2.02,1.825
20-Dec-17,,2.38,4.163
21-Dec-17,,2.88,3
22-Dec-17,,1.5,2.313
23-Dec-17,,0,2
24-Dec-17,,0,3.563
25-Dec-17,,0,3.063
26-Dec-17,,0,2.125
27-Dec-17,,0,2
28-Dec-17,,0,2
29-Dec-17,,0,2
30-Dec-17,,0,2
31-Dec-17,,4.75,2
1-Jan-18,,0.33,2
2-Jan-18,,0,2
3-Jan-18,,0,2
4-Jan-18,,0,2
5-Jan-18,,0,1.825
6-Jan-18,,0,1.8
7-Jan-18,,0.05,6.85
8-Jan-18,,0.05,8
9-Jan-18,,0,5.25
10-Jan-18,,0,11.25
11-Jan-18,,0,17.125
12-Jan-18,,0,14
13-Jan-18,,0,8.5
14-Jan-18,,0,8.5
15-Jan-18,,0,6.85
16-Jan-18,,0,5.713
17-Jan-18,,0.21,5.063
18-Jan-18,,4.29,12
19-Jan-18,,0.208,13
20-Jan-18,,3.54,14.875
21-Jan-18,,9.34,18
22-Jan-18,,16.83,15
23-Jan-18,,18,13
24-Jan-18,,20.79,10.625
25-Jan-18,,19.92,8.063
26-Jan-18,,19.96,6.82
27-Jan-18,,18,5.383
28-Jan-18,,17.04,4.813
29-Jan-18,,18.08,4
30-Jan-18,,14.54,3.5
31-Jan-18,,14.54,3.5
1-Feb-18,,15.54,3.5
2-Feb-18,,18.25,3.5
3-Feb-18,,12,3.5
4-Feb-18,,7.13,3.5
5-Feb-18,,2.85,3.188
6-Feb-18,,0,2.825
7-Feb-18,,0,4.975
8-Feb-18,,0,8.563
9-Feb-18,,0,5.5
10-Feb-18,,2.54,4.313
11-Feb-18,,6.88,4.25
12-Feb-18,,9.71,4
13-Feb-18,,8.71,3.563
14-Feb-18,,3.75,2.988
15-Feb-18,,1.88,3.075
16-Feb-18,14.75,1.46,14.25
17-Feb-18,17.6,0,9.375
18-Feb-18,22.18,0,5.25
19-Feb-18,,7.92,5.875
20-Feb-18,102.17,40.81,9.188
21-Feb-18,75.28,103.2,6.625
22-Feb-18,52.79,65.16,4.563
23-Feb-18,,44.79,3.925
24-Feb-18,30.43,32.67,3.425
25-Feb-18,23.88,25.5,3
26-Feb-18,20.21,18.92,2.825
27-Feb-18,16.85,11.71,2.538
28-Feb-18,12.25,5,2.5
1-Mar-18,10.6,2.92,2.188
2-Mar-18,9.73,4.92,2
3-Mar-18,9.4,2.29,2
4-Mar-18,9.22,0.83,2
5-Mar-18,9.13,0,11.125
6-Mar-18,9.17,0,14.875
7-Mar-18,8.9,0,8.25
8-Mar-18,7.47,0,5.125
9-Mar-18,6.86,0,5
10-Mar-18,6.45,0,4.825
11-Mar-18,6.4,0,4.763
12-Mar-18,6.27,0,6.375
13-Mar-18,5.95,0,6.5
14-Mar-18,5.16,0,5
15-Mar-18,4.87,0,4.063
16-Mar-18,4.9,0,3.125
17-Mar-18,5.25,0,3
18-Mar-18,8.23,0,2.825
19-Mar-18,12.67,0,2.8
20-Mar-18,11.27,0,2.8
21-Mar-18,9.97,0,2.8
22-Mar-18,13.42,0,2.975
23-Mar-18,33.67,0,3
24-Mar-18,23.25,0.2,6.125
25-Mar-18,17.65,17.48,6.313
26-Mar-18,14.67,1.67,4.688
27-Mar-18,19,0,3.5
28-Mar-18,16.52,0,3
29-Mar-18,14.81,0,3
30-Mar-18,15.48,0,3.438
31-Mar-18,22.01,0,7.688
1-Apr-18,25.6,0,8.313
2-Apr-18,28.52,0,5.688
3-Apr-18,52.38,0,4.625
4-Apr-18,138.67,0,13.5
5-Apr-18,136.92,103.12,22.625
6-Apr-18,89.5,137.67,13.25
7-Apr-18,72.83,89.37,8.375
8-Apr-18,62.92,73.42,6.438
9-Apr-18,55.17,61.29,6.75
10-Apr-18,45.75,52.75,6.75
11-Apr-18,37.74,46.33,6.25
12-Apr-18,30,37,5.063
13-Apr-18,25.7,29.87,5
14-Apr-18,22.53,23.77,5.875
15-Apr-18,21.14,22.42,5.125
16-Apr-18,19.86,10,4.563
17-Apr-18,16.45,5.04,4.063
18-Apr-18,14.05,2.42,3.825
19-Apr-18,12.28,0,3.538
20-Apr-18,10.82,0,3.063
21-Apr-18,8.91,0,3
22-Apr-18,7.74,1.04,2.825
23-Apr-18,6.62,5.25,2.538
24-Apr-18,5.5,4.25,6.438
25-Apr-18,4.97,0,4.375
26-Apr-18,5.27,0,3.563
27-Apr-18,4.87,0,3.5
28-Apr-18,4.53,0,3.063
29-Apr-18,,0,10.5
30-Apr-18,,0,11
1-May-18,6.5,0,7.563
2-May-18,6.22,0,7.188
3-May-18,5.7,0,6.563
4-May-18,5.35,0,4.875
5-May-18,5.3,0,8.063
6-May-18,5.3,0,11.5
7-May-18,5.28,0,11
8-May-18,5.3,0,16.375
9-May-18,5.82,0,11.75
10-May-18,6.63,0,11.125
11-May-18,6.8,0,9.125
12-May-18,7,0,9.5
13-May-18,7.7,2.29,8.25
14-May-18,7.9,1.67,9.063
15-May-18,7.9,0,8
16-May-18,7.77,0,8.125
17-May-18,7.45,0,12.563
18-May-18,6.91,0,10.75
19-May-18,6.45,0,8.063
20-May-18,6.68,1.25,6.625
21-May-18,6.8,0,17.063
22-May-18,6.5,0.21,16.375
23-May-18,6.2,0.21,13.5
24-May-18,6.35,0,10.625
25-May-18,6.5,0,8.813
26-May-18,6.5,0,7.813
27-May-18,6.5,2.67,6.563
28-May-18,6.42,1.04,5.875
29-May-18,6.2,0.42,5.313
30-May-18,6,0,4.813
31-May-18,5.8,0,4.063
1-Jun-18,5.82,0,4
2-Jun-18,5.4,0,3.563
3-Jun-18,5.25,2.2,3.313
4-Jun-18,5.13,2.11,5.125
5-Jun-18,4.8,2.02,4.813
6-Jun-18,4.7,1.98,4.063
7-Jun-18,4.63,0.58,3.563
8-Jun-18,4.58,0,3.5
9-Jun-18,4.43,0,3.163
10-Jun-18,4.22,1.79,2.925
11-Jun-18,3.78,0.33,2.8
12-Jun-18,3.53,0,2.538
13-Jun-18,3.4,0,2.238
14-Jun-18,3.4,0,2.125
15-Jun-18,3.2,0,2
16-Jun-18,3.2,0.77,2.875
17-Jun-18,3.2,1.65,6.875
18-Jun-18,3.2,0.77,4.313
19-Jun-18,3.2,0.38,3.063
20-Jun-18,3,0,2.825
21-Jun-18,3,0,2.463
22-Jun-18,2.8,0,2.038
23-Jun-18,2.8,0.65,2
24-Jun-18,2.8,1.08,2
25-Jun-18,2.5,0.31,1.825
26-Jun-18,2.35,0.79,12.475
27-Jun-18,2.3,0.71,6.25
28-Jun-18,1.85,0.42,3.563
29-Jun-18,1.6,0.67,3.063
30-Jun-18,1.65,0.73,3
1-Jul-18,1.53,0.04,2.825
2-Jul-18,1.41,0,2.538
3-Jul-18,1.38,0,2.063
4-Jul-18,1.17,0,1.825
5-Jul-18,1.05,0,1.8
6-Jul-18,0.93,0,1.538
7-Jul-18,1,1.5,1.238
8-Jul-18,0.93,0.2,1.2
9-Jul-18,0.93,0,1.025
10-Jul-18,0.9,0,1
11-Jul-18,0.88,0,0.825
12-Jul-18,0.8,0,0.8
13-Jul-18,0.8,0,0.8
14-Jul-18,0.75,0.25,0.713
15-Jul-18,0.7,0.67,0.613
16-Jul-18,0.73,0.33,0.6
17-Jul-18,0.7,0.15,0.6
18-Jul-18,0.7,1.04,0.513
19-Jul-18,0.6,0,1.688
20-Jul-18,0.6,0.83,3.475
21-Jul-18,,0,2.413
22-Jul-18,0.7,0,4.313
23-Jul-18,,0,8.875
24-Jul-18,,0,4.763
25-Jul-18,0,0,2.95
26-Jul-18,0,2,2.5
27-Jul-18,0,1.02,2.063
28-Jul-18,0,1.04,2
29-Jul-18,0,0.56,1.813
30-Jul-18,0,0,1.5
31-Jul-18,0,0,1.5
1-Aug-18,0,0,1.5
2-Aug-18,0,0,1.325
3-Aug-18,0,0,1.3
4-Aug-18,0,0,1.038
5-Aug-18,0,0,1
6-Aug-18,0,0.02,1
7-Aug-18,0,0.31,0.825
8-Aug-18,0,0.15,0.713
9-Aug-18,0,0,0.613
10-Aug-18,0,0,0.6
11-Aug-18,0,0,0.6
12-Aug-18,0,0,0.6
13-Aug-18,0,0,0.6
14-Aug-18,0,0,0.6
15-Aug-18,0,0,0.6
16-Aug-18,0,0,0.6
17-Aug-18,0,0.5,3.763
18-Aug-18,0,0.04,2.313
19-Aug-18,0,0,1.688
20-Aug-18,0,0,1.238
21-Aug-18,0,0,1.025
22-Aug-18,0,0,1.813
23-Aug-18,0,0,2.875
24-Aug-18,0,0,1.988
25-Aug-18,0,2.08,1.425
26-Aug-18,0,0,1.125
27-Aug-18,0,0,0.825
28-Aug-18,0,0,0.625
29-Aug-18,0,0,0.513
30-Aug-18,0,2.96,0.5
31-Aug-18,0,2.71,0.5
1-Sep-18,0,0.46,0.5
2-Sep-18,0,0.08,0.5
3-Sep-18,0,0,
4-Sep-18,0,0,0.4
5-Sep-18,0,0,0.4
6-Sep-18,0,,0.4
7-Sep-18,0,,0.4
8-Sep-18,0,,0.4
9-Sep-18,0,0.65,0.313
10-Sep-18,0,0.23,0.3
11-Sep-18,0,0,0.3
12-Sep-18,0,0,0.3
13-Sep-18,0,0,0.3
14-Sep-18,0,0.23,0.3
15-Sep-18,0,0,0.3
16-Sep-18,0,0,0.3
17-Sep-18,0,0,0.3
18-Sep-18,0,0,0.3
19-Sep-18,0,0,0.3
20-Sep-18,0,0,0.213
21-Sep-18,0,0,0.2
22-Sep-18,0,0,0.2
23-Sep-18,0,0,0.2
24-Sep-18,0,0,0.2
25-Sep-18,0,0,0.2
26-Sep-18,0,0,0.2
27-Sep-18,0,0,0.2
28-Sep-18,0,,0.2
29-Sep-18,0,,0.2
30-Sep-18,0,0,0.2
1-Oct-18,0,0,0.2
2-Oct-18,0,0,0.2
3-Oct-18,0,0,0.4
4-Oct-18,0,0,0.425
5-Oct-18,0,0,0.4
6-Oct-18,0,0,0.4
7-Oct-18,0,0,0.4
8-Oct-18,0,0,0.4
9-Oct-18,0,0,0.4
10-Oct-18,,0,0.488
11-Oct-18,,0,0.413
12-Oct-18,0,0,0.4
13-Oct-18,0,0,0.4
14-Oct-18,0,0,0.4
15-Oct-18,0,0.05,0.4
16-Oct-18,0,,0.313
17-Oct-18,0,,0.3
18-Oct-18,0,,0.3
19-Oct-18,0,,0.3
20-Oct-18,0,,0.388
21-Oct-18,0,,0.4
22-Oct-18,0,,0.4
23-Oct-18,0,,0.313
24-Oct-18,0,,0.3
25-Oct-18,,,0.3
26-Oct-18,0,,0.3
27-Oct-18,0,,0.3
28-Oct-18,0,,0.3
29-Oct-18,0,,
30-Oct-18,0,,0.3
31-Oct-18,0,0,0.3
1-Nov-18,0,0,0.3
2-Nov-18,0,0,0.425
3-Nov-18,0,0,0.413
4-Nov-18,0,0,0.4
5-Nov-18,0,0,0.313
6-Nov-18,0,0,0.3
7-Nov-18,0,0,0.3
8-Nov-18,0,0,3.088
9-Nov-18,0,0,17
10-Nov-18,0,0,8.875
11-Nov-18,0,0,8
12-Nov-18,0,0,7
13-Nov-18,0,0,4.125
14-Nov-18,0,0,4
15-Nov-18,0,0,4.313
16-Nov-18,0,0,4.063
17-Nov-18,0,0,3.125
18-Nov-18,0,0,3
19-Nov-18,0,0,2.563
20-Nov-18,0,0,4.438
21-Nov-18,0,0,8
22-Nov-18,0,0,8.375
23-Nov-18,0,0,6
24-Nov-18,0,0,3.25
25-Nov-18,0,0,2.125
26-Nov-18,0,0.21,2.5
27-Nov-18,0,5,2.525
28-Nov-18,0,5,2
29-Nov-18,0,5,1.825
30-Nov-18,0,0,1.538
1-Dec-18,0,0,1.05
2-Dec-18,0,0.06,1.025
3-Dec-18,0,0.33,0.825
4-Dec-18,0,1.67,0.8
5-Dec-18,0,0,0.638
6-Dec-18,0,0,0.5
7-Dec-18,0,0,0.369
8-Dec-18,0,0,0.306
9-Dec-18,0,0,0.213
10-Dec-18,0,0,0.2
11-Dec-18,0,0,0.175
12-Dec-18,0,0,0.175
13-Dec-18,0,0,0.2
14-Dec-18,0,0,1.7
15-Dec-18,0,0,6.5
16-Dec-18,0,0,11.625
17-Dec-18,0,1.42,8.5
18-Dec-18,0,0.21,4.688
19-Dec-18,0,0,4.688
20-Dec-18,0,0,16.25
21-Dec-18,0,0,11.75
22-Dec-18,0,0,14.25
23-Dec-18,0,0,10.375
24-Dec-18,0,0,7.75
25-Dec-18,0,0,5.625
26-Dec-18,0,,4.375
27-Dec-18,0,,5.688
28-Dec-18,0,,5.063
29-Dec-18,0,,8
30-Dec-18,0,,12.13
31-Dec-18,0,0.58,11.13
1-Jan-19,0,1.15,4.25
2-Jan-19,0,0,3.313
3-Jan-19,0,0,2.713
4-Jan-19,0,0,2.313
5-Jan-19,0,0,7.125
6-Jan-19,0,0,7.625
7-Jan-19,0,0,4.563
8-Jan-19,0,0,2.875
9-Jan-19,0,0,2.313
10-Jan-19,0,0,2
11-Jan-19,0,0,1.825
12-Jan-19,0,0.1,1.8
13-Jan-19,0,0,1.613
14-Jan-19,0,0,1.5
15-Jan-19,0,0,1.238
16-Jan-19,0,0,1.88
17-Jan-19,0,0,7.938
18-Jan-19,0,0,9.063
19-Jan-19,0,0,8
20-Jan-19,0,0,5.5
21-Jan-19,0,1.38,4.063
22-Jan-19,0,1.27,4.25
23-Jan-19,0,5,9
24-Jan-19,0,5,5.938
25-Jan-19,0,3.04,4.063
26-Jan-19,0,4.12,3.563
27-Jan-19,0,4.12,3.5
28-Jan-19,0,0.23,3.5
29-Jan-19,0,0.1,4.938
30-Jan-19,0,0.08,7.313
31-Jan-19,0,0.08,5.813
1-Feb-19,0,0,5
2-Feb-19,0,0,6.25
3-Feb-19,0,0,5.5
4-Feb-19,0,0,8.25
5-Feb-19,0,0.38,14.375
6-Feb-19,0,0,16.25
7-Feb-19,0,0,19.75
8-Feb-19,5.44,2.02,14.875
9-Feb-19,12.22,8,13.625
10-Feb-19,82.58,9.17,14.375
11-Feb-19,108.67,32.96,9.875
12-Feb-19,59.58,109.5,7.25
13-Feb-19,36.08,64,6.375
14-Feb-19,46.67,58.87,6
15-Feb-19,38.08,40.17,11.063
16-Feb-19,41.75,44.63,11.063
17-Feb-19,38.08,43.03,8.25
18-Feb-19,78.08,40.5,11.688
19-Feb-19,94.08,111.8,8.688
20-Feb-19,,121.46,15.375
21-Feb-19,82.33,100.75,14.25
22-Feb-19,,76.67,10.625
23-Feb-19,362,114.92,8.75
24-Feb-19,737.25,643.92,18.625
25-Feb-19,,1246.67,51.5
26-Feb-19,217.75,642.57,29.25
27-Feb-19,176.75,256.46,22.63
28-Feb-19,147.33,190.46,14.13
1-Mar-19,146.92,396.59,12.88
2-Mar-19,191.52,198.88,12.25
3-Mar-19,146.92,344.79,13
4-Mar-19,119.25,230.12,13.88
5-Mar-19,91.83,141.42,12.38
6-Mar-19,119.25,118.71,25.13
7-Mar-19,64.64,96.17,15.94
8-Mar-19,52.25,79.5,12
9-Mar-19,42.67,70.5,10.06
10-Mar-19,81.67,68.62,9.69
11-Mar-19,76.67,55.71,12.19
12-Mar-19,86.08,49.96,14.63
13-Mar-19,97.92,57.83,12.13
14-Mar-19,132.42,74.42,12.5
15-Mar-19,112.33,102.33,10.06
16-Mar-19,99,98.5,12.06
17-Mar-19,86.42,84.67,9.94
18-Mar-19,137.58,72,15.94
19-Mar-19,265.75,214.54,17.5
20-Mar-19,215.5,209.71,24.25
21-Mar-19,269.42,299.38,17.25
22-Mar-19,198.25,251.33,15.75
23-Mar-19,161,161.79,14.5
24-Mar-19,143.33,115.08,13.25
25-Mar-19,126.92,90.46,10.25
26-Mar-19,109.42,73.38,10
27-Mar-19,98,64.25,9.56
28-Mar-19,95.42,54.5,9.06
29-Mar-19,79.25,48.21,8.38
30-Mar-19,62.67,50,8.88
31-Mar-19,51.42,50.92,8.13
1-Apr-19,66.92,43.04,7.38
2-Apr-19,329.33,73.5,12.75
3-Apr-19,398.75,343.17,26.13
4-Apr-19,209.83,214.83,13.88
5-Apr-19,156.92,129.25,12.13
6-Apr-19,124,99.13,10.06
7-Apr-19,110.67,86.13,8.88
8-Apr-19,104.5,77.25,8.06
9-Apr-19,79.75,72.08,8
10-Apr-19,68.17,56.25,7.56
11-Apr-19,58.17,49.21,7.5
12-Apr-19,49.25,41.88,7.06
13-Apr-19,41.08,42,7
14-Apr-19,38,41.42,7
15-Apr-19,35.58,35.23,6.56
16-Apr-19,31.83,33.21,7.56
17-Apr-19,27.33,29.81,9.31
18-Apr-19,25.75,25.88,7.88
19-Apr-19,27.92,24.5,8.94
20-Apr-19,24,29.14,16.25
21-Apr-19,27.58,24.15,10
22-Apr-19,95.83,30.42,9.69
23-Apr-19,60.17,60.46,9.06
24-Apr-19,46,36,11.63
25-Apr-19,40,28.83,14.38
26-Apr-19,32.25,26.25,9.69
27-Apr-19,26.58,26.96,8.06
28-Apr-19,23.5,21.73,8.25
29-Apr-19,21.17,18.75,8
30-Apr-19,20.17,17.92,8.06
1-May-19,19.25,17.3,7.06
2-May-19,14.9,14,7.44
3-May-19,16.68,12,7.06
4-May-19,10.97,12.75,9.5
5-May-19,10.3,9.38,9.88
6-May-19,8.56,5.21,13
7-May-19,7.25,4.17,8.25
8-May-19,5.98,6.33,8
9-May-19,5.58,6.08,7.56
10-May-19,5.3,0,6.88
11-May-19,5,12.96,6.06
12-May-19,6.33,37.93,6
13-May-19,6.65,10.5,7.75
14-May-19,,11.21,13.38
15-May-19,5.25,9.58,10.88
16-May-19,4.5,9,11.75
17-May-19,3.87,9.29,8.25
18-May-19,3.33,14.75,6.81
19-May-19,3.17,25.17,5.88
20-May-19,2.86,20.59,5.5
21-May-19,2.28,23.33,5.06
22-May-19,2.05,21.33,5
23-May-19,20.03,23.33,4.56
24-May-19,18.82,21.88,5.81
25-May-19,18.03,26.58,11.88
26-May-19,18.73,30,14
27-May-19,18.33,19.46,10.63
28-May-19,17.8,21.25,7.94
29-May-19,18.62,21.63,7.31
30-May-19,18.5,24.83,5.94
31-May-19,18.33,23.67,5.06
1-Jun-19,17.98,28.12,2.18
2-Jun-19,17.33,30.67,1.75
3-Jun-19,16,25.67,1.69
4-Jun-19,15.8,22.58,3.71
5-Jun-19,15.8,28.29,3.56
6-Jun-19,13.5,17.12,3.5
7-Jun-19,12.9,14.75,3.5
8-Jun-19,13.1,20.63,3.06
9-Jun-19,12.65,24.17,3
10-Jun-19,12.22,23.58,3
11-Jun-19,13,24.5,2.56
12-Jun-19,13.81,25.17,2.5
13-Jun-19,12.62,28,2.06
14-Jun-19,11.6,25.88,2
15-Jun-19,11.6,27.5,1.83
16-Jun-19,11.8,27.17,1.8
17-Jun-19,11.7,25.17,1.8
18-Jun-19,10.9,23.5,1.98
19-Jun-19,10.48,23.58,2
20-Jun-19,10.06,23,2
21-Jun-19,9.6,21.42,1.83
22-Jun-19,8.85,23.83,1.8
23-Jun-19,8.56,23.33,1.61
24-Jun-19,7.97,22.67,1.5
25-Jun-19,7.7,20.92,1.5
26-Jun-19,7.28,21.25,1.5
27-Jun-19,6.82,17.54,1.5
28-Jun-19,6.2,14.62,5.44
29-Jun-19,6,17.42,7.88
30-Jun-19,5.23,9.42,8.25
1-Jul-19,4.7,5.75,4.13
2-Jul-19,4.2,0,3.56
3-Jul-19,3.9,0,3.5
4-Jul-19,3.6,0,3.06
5-Jul-19,3.45,1.04,3.38
6-Jul-19,3.3,0.83,10.75
7-Jul-19,3.25,4.33,28.25
8-Jul-19,2.85,5,18.25
9-Jul-19,2.5,5,9.13
10-Jul-19,2.3,5,6.25
11-Jul-19,2.1,6.42,4.94
12-Jul-19,1.75,7.83,4.31
13-Jul-19,1.65,8.92,4
14-Jul-19,1.6,1.25,3.25
15-Jul-19,1.5,0.83,10
16-Jul-19,1.3,4.42,7.13
17-Jul-19,1.15,4.29,5.94
18-Jul-19,1.15,4.79,5.5
19-Jul-19,1.09,5.46,5.06
20-Jul-19,1,6.67,4.13
21-Jul-19,1,7.42,4.19
22-Jul-19,0.95,6.38,4.06
23-Jul-19,0.8,5.63,3.81
24-Jul-19,0.63,6.21,3.5
25-Jul-19,0.58,7,3.44
26-Jul-19,0.48,8.33,3
27-Jul-19,0.4,8.5,3
28-Jul-19,0.35,4.92,3
29-Jul-19,0.2,5,2.83
30-Jul-19,0.2,3.08,2.8
31-Jul-19,0.18,3.42,2.54
1-Aug-19,0.1,2.13,2.06
2-Aug-19,0.1,4.04,2
3-Aug-19,0.1,0.21,1.56
4-Aug-19,0,1.25,1.5
5-Aug-19,0,0,1.5
6-Aug-19,0,0,1.5
7-Aug-19,0,2.88,1.06
8-Aug-19,0,3.75,1
9-Aug-19,1.2,1.67,1
10-Aug-19,1.2,4.54,1
11-Aug-19,1.2,2.29,1
12-Aug-19,0,1.88,0.83
13-Aug-19,0,2.63,0.8
14-Aug-19,0,3.42,0.8
15-Aug-19,0,1.17,0.8
16-Aug-19,0,0,0.8
17-Aug-19,0,1.33,0.63
18-Aug-19,0,3.96,0.6
19-Aug-19,0,2.17,0.51
20-Aug-19,0,0.21,0.5
21-Aug-19,0,0,0.5
22-Aug-19,0,0,1.06
23-Aug-19,0,0,1
24-Aug-19,0,0.42,0.83
25-Aug-19,0,1.46,0.63
26-Aug-19,0,1.25,0.6
27-Aug-19,0,0,0.51
28-Aug-19,0,0,0.5
29-Aug-19,0,0,0.5
30-Aug-19,0,0,0.5
31-Aug-19,0,0,0.5
1-Sep-19,,0,0.41
2-Sep-19,0,0,0.4
3-Sep-19,0,0,0.4
4-Sep-19,0,0,0.4
5-Sep-19,0,0,0.31
6-Sep-19,0,0,0.3
7-Sep-19,0,0,0.3
8-Sep-19,0,0,0.3
9-Sep-19,0,0,0.3
10-Sep-19,0,0,0.3
11-Sep-19,0,0,0.21
12-Sep-19,0,0,0.2
13-Sep-19,0,0,0.2
14-Sep-19,0,0,0.2
15-Sep-19,0,0,0.2
16-Sep-19,0,0,0.2
17-Sep-19,0,0,0.2
18-Sep-19,0,0,0.2
19-Sep-19,0,0,0.2
20-Sep-19,0,0,0.2
21-Sep-19,0,0,0.2
22-Sep-19,0,0,0.2
23-Sep-19,0,0,0.2
24-Sep-19,0,0,0.2
25-Sep-19,0,0,0.2
26-Sep-19,0,0,0.2
27-Sep-19,0,0,0.2
28-Sep-19,0,0,0.2
29-Sep-19,0,0,0.2
30-Sep-19,,0,0.2
1-Oct-19,0,0,0.18
2-Oct-19,0,0,0.2
3-Oct-19,0,0,0.2
4-Oct-19,0,0,0.2
5-Oct-19,0,0,0.2
6-Oct-19,0,0,0.2
7-Oct-19,0,0,0.94
8-Oct-19,0,0,3.13
9-Oct-19,0,0,1.61
10-Oct-19,0,0,1.03
11-Oct-19,0,0,1
12-Oct-19,0,0,0.83
13-Oct-19,0,1.04,0.73
14-Oct-19,0,0.42,0.6
15-Oct-19,0,0,0.56
16-Oct-19,0,0,0.5
17-Oct-19,0,0,0.5
18-Oct-19,0,0,1.94
19-Oct-19,0,0,4.31
20-Oct-19,0,0,5.5
21-Oct-19,0,0,3.88
22-Oct-19,0,0,3.69
23-Oct-19,0,0,4
24-Oct-19,0,0,3.38
25-Oct-19,0,0,2.56
26-Oct-19,0,0,2.06
27-Oct-19,0,0,1.83
28-Oct-19,0,0,1.54
29-Oct-19,0,0,1.5
30-Oct-19,0,0,1.16
31-Oct-19,0,0,1
1-Nov-19,0,0,1
2-Nov-19,0,0,7.63
3-Nov-19,0,0.21,6
4-Nov-19,0,0,5.06
5-Nov-19,0,0,5.44
6-Nov-19,0,0,8.44
7-Nov-19,0,0,6.31
8-Nov-19,0,0,9.25
9-Nov-19,0,0,6.38
10-Nov-19,0,0,4
11-Nov-19,,0,5
12-Nov-19,,0,5.06
13-Nov-19,0,0,3.84
14-Nov-19,0,0,2.8
15-Nov-19,0,0,2.03
16-Nov-19,0,0,1.93
17-Nov-19,0,0,1.54
18-Nov-19,0,0,1.39
19-Nov-19,0,7.92,1.13
20-Nov-19,0,2.5,1
21-Nov-19,0,0,1
22-Nov-19,0,0,1
23-Nov-19,0,0,0.83
24-Nov-19,0,0,0.69
25-Nov-19,0,0,0.5
26-Nov-19,0,0,0.5
27-Nov-19,0,0,0.5
28-Nov-19,0,0,0.5
29-Nov-19,0,0,2.63
30-Nov-19,0,0,2.14
1-Dec-19,0,0,9.25
2-Dec-19,0,0,15.25
3-Dec-19,0,0,7.25
4-Dec-19,0,0,4.38
5-Dec-19,0,0,4.81
6-Dec-19,0,0,8.13
7-Dec-19,0,0,4.81
8-Dec-19,0,0,3.81
9-Dec-19,0,0,3.31
10-Dec-19,0,0,3
11-Dec-19,0,0,2.83
12-Dec-19,0,0,2.35
13-Dec-19,0,0,2
14-Dec-19,0,0,2
15-Dec-19,0,0,1.71
16-Dec-19,0,0,1.24
17-Dec-19,0,0,1.03
18-Dec-19,0,0,1
19-Dec-19,0,0,6.75
20-Dec-19,0,0,9.5
21-Dec-19,0,0,8.5
22-Dec-19,0,0,6.81
23-Dec-19,0,0,4.94
24-Dec-19,0,0,5
25-Dec-19,0,0,4.19
26-Dec-19,0,0,3.06
27-Dec-19,0,0,3
28-Dec-19,0,0,9
29-Dec-19,0,0,12.75
30-Dec-19,,0,12.125
31-Dec-19,,0,11.125
1-Jan-20,0,0,8.13
2-Jan-20,0,0,7.63
3-Jan-20,0,0,6.81
4-Jan-20,0,0,5.88
5-Jan-20,0,0,4.88
6-Jan-20,0,0,4.06
7-Jan-20,,0,4
8-Jan-20,0,0,3.56
9-Jan-20,0,0,3.06
10-Jan-20,0,0,2.83
11-Jan-20,0,0,2.54
12-Jan-20,0,0,2.5
13-Jan-20,0,0,2.06
14-Jan-20,0,0,2
15-Jan-20,0,0,2
16-Jan-20,0,0,2.44
17-Jan-20,0,0,2.5
18-Jan-20,0,0,4.94
19-Jan-20,0,0,7.75
20-Jan-20,0,0,5.81
21-Jan-20,0,0.17,3.75
22-Jan-20,0,0.21,2.75
23-Jan-20,0,0,2.06
24-Jan-20,0,0,1.81
25-Jan-20,0,0.35,1.5
26-Jan-20,0,0.21,2.94
27-Jan-20,0,0.02,4.56
28-Jan-20,0,0,4.06
29-Jan-20,0,0,3.56
30-Jan-20,0,0,2.63
31-Jan-20,0,0,2.06
1-Feb-20,0,0,3.25
2-Feb-20,0,0,4.125
3-Feb-20,0,0,4.188
4-Feb-20,0,0,4.688
5-Feb-20,0,0,3.375
6-Feb-20,0,0,2.563
7-Feb-20,0,0,2.063
8-Feb-20,0,0,1.3
9-Feb-20,0,0,1.55
10-Feb-20,0,0,1.95
11-Feb-20,0,0,5.063
12-Feb-20,0,0,3.563
13-Feb-20,0,0,2.375
14-Feb-20,0,0,1.925
15-Feb-20,0,0,1.538
16-Feb-20,0,0,1.5
17-Feb-20,0,0,2.438
18-Feb-20,0,0,3.563
19-Feb-20,,0,2.988
20-Feb-20,0,0,2.35
21-Feb-20,,0,1.825
22-Feb-20,0,0,1.8
23-Feb-20,0,0,1.538
24-Feb-20,29.09,0,1.5
25-Feb-20,92.25,0,1.5
26-Feb-20,93.83,0,1.5
27-Feb-20,30,0,1.425
28-Feb-20,26,5.46,1.3
29-Feb-20,19,10,1.3
1-Mar-20,14,2.5,1.3
2-Mar-20,8.36,0,1.3
3-Mar-20,6,0,1.213
4-Mar-20,6,0,1.2
5-Mar-20,5,0,1.2
6-Mar-20,4,0,1.025
7-Mar-20,6,0,4.25
8-Mar-20,4,0,5.25
9-Mar-20,4,0,5.75
10-Mar-20,3,0,4.063
11-Mar-20,3,0,4.938
12-Mar-20,0,0,5.5
13-Mar-20,0,0,9.25
14-Mar-20,0,0,5.813
15-Mar-20,0,0,3.875
16-Mar-20,0,0,3.188
17-Mar-20,0,0,6.125
18-Mar-20,0,0,6.5
19-Mar-20,0,0,3.375
20-Mar-20,0,0.63,3
21-Mar-20,0,9.67,3
22-Mar-20,0,12.17,2.563
23-Mar-20,0,1.98,1.875
24-Mar-20,0,0,1.5
25-Mar-20,,0,1.238
26-Mar-20,0,0,1.025
27-Mar-20,0,0,
28-Mar-20,0,0,
29-Mar-20,0,0,
30-Mar-20,0,0,
31-Mar-20,0,0,
1-Apr-20,0,0,
2-Apr-20,0,0,
3-Apr-20,0,1.88,
4-Apr-20,0,12.71,
5-Apr-20,0,7.56,
6-Apr-20,,2.92,
7-Apr-20,,2.08,
8-Apr-20,0,2.04,
9-Apr-20,0,1.46,
10-Apr-20,,0,
11-Apr-20,0,3.08,
12-Apr-20,0,2.04,
13-Apr-20,0,0,
14-Apr-20,0,4.58,
15-Apr-20,,5.21,
16-Apr-20,,51.04,
17-Apr-20,,60.29,
18-Apr-20,,41.99,
19-Apr-20,,29.58,
20-Apr-20,,25.33,
21-Apr-20,,13.5,
22-Apr-20,,5.12,
23-Apr-20,,0.39,
24-Apr-20,,0,
25-Apr-20,,0,
26-Apr-20,,4.17,
27-Apr-20,,0,
28-Apr-20,,0,
29-Apr-20,,0,
30-Apr-20,,0,
1-May-20,,0,
2-May-20,,1.88,
3-May-20,,4.63,
4-May-20,,0,
5-May-20,,0,
6-May-20,,0,
7-May-20,,1.88,
8-May-20,,0,
9-May-20,,1.79,
10-May-20,,2.25,
11-May-20,,3.71,
12-May-20,,0.42,
13-May-20,,0,
14-May-20,,0,
15-May-20,,0.63,
16-May-20,,2,
17-May-20,,0.42,
18-May-20,,0,
19-May-20,,0.42,
20-May-20,,0,
21-May-20,,0,
22-May-20,,0,
23-May-20,,0.21,
24-May-20,,0.42,
25-May-20,,0,
26-May-20,,0.42,
27-May-20,,0.83,
28-May-20,,0,
29-May-20,,0,
30-May-20,,0,
31-May-20,,0,
1-Jun-20,,0,
2-Jun-20,,0,
3-Jun-20,,0,
4-Jun-20,,0,
5-Jun-20,,1.04,
6-Jun-20,,4.38,
7-Jun-20,,5,
8-Jun-20,,0.42,
9-Jun-20,,0,
10-Jun-20,,0,
11-Jun-20,,0,
12-Jun-20,,0,
13-Jun-20,,0,
14-Jun-20,,0,
15-Jun-20,,0,
16-Jun-20,,0,
17-Jun-20,,0,
18-Jun-20,,0,
19-Jun-20,,0,
20-Jun-20,,0,
21-Jun-20,,0,
22-Jun-20,,0,
23-Jun-20,,0,
24-Jun-20,,0,
25-Jun-20,,0,
26-Jun-20,,0,
27-Jun-20,,0,
28-Jun-20,,2.5,
29-Jun-20,,3.75,
30-Jun-20,,2.71,
1-Jul-20,,0.21,
2-Jul-20,,0,
3-Jul-20,,0,
4-Jul-20,,0,
5-Jul-20,,0,
6-Jul-20,,0,
7-Jul-20,,0,
8-Jul-20,,0,
9-Jul-20,,0.83,
10-Jul-20,,2.29,
11-Jul-20,,0.63,
12-Jul-20,,0.21,
13-Jul-20,,0,
14-Jul-20,,0,
15-Jul-20,,0,
16-Jul-20,,0,
17-Jul-20,,0,
18-Jul-20,,1.67,
19-Jul-20,,0,
20-Jul-20,,0,
21-Jul-20,,0,
22-Jul-20,,0,
23-Jul-20,,0,
24-Jul-20,,0,
25-Jul-20,,0,
26-Jul-20,,0,
27-Jul-20,,0,
28-Jul-20,,0,
29-Jul-20,,0,
30-Jul-20,,0,
31-Jul-20,,0,
1-Aug-20,,0,
2-Aug-20,,0,
3-Aug-20,,0,
4-Aug-20,,0,
5-Aug-20,,0,
6-Aug-20,,0,
7-Aug-20,,0,
8-Aug-20,,0,
9-Aug-20,,0,
10-Aug-20,,0,
11-Aug-20,,0,
12-Aug-20,,0,
13-Aug-20,,0,
14-Aug-20,,0,
15-Aug-20,,0,
16-Aug-20,,0,
17-Aug-20,,0,
18-Aug-20,,0,
19-Aug-20,,0,
20-Aug-20,,0,
21-Aug-20,,0,
22-Aug-20,,0,
23-Aug-20,,0,
24-Aug-20,,0,
25-Aug-20,,0,
26-Aug-20,,0,
27-Aug-20,,0,
28-Aug-20,,0,
29-Aug-20,,0,
30-Aug-20,,0,
31-Aug-20,,0,
1-Sep-20,,0,
2-Sep-20,,0,
3-Sep-20,,0,
4-Sep-20,,0,
5-Sep-20,,0,
6-Sep-20,,0,
7-Sep-20,,0,
8-Sep-20,,0,
9-Sep-20,,0,
10-Sep-20,,0,
11-Sep-20,,0,
12-Sep-20,,0,
13-Sep-20,,0,
14-Sep-20,,0,
15-Sep-20,,0,
16-Sep-20,,0,
17-Sep-20,,0,
18-Sep-20,,0,
19-Sep-20,,0,
20-Sep-20,,0,
21-Sep-20,,0,
22-Sep-20,,0,
23-Sep-20,,0,
24-Sep-20,,0,
25-Sep-20,,0,
26-Sep-20,,0,
27-Sep-20,,0,
28-Sep-20,,0,
29-Sep-20,,0,
30-Sep-20,,0,
1-Oct-20,,0,
2-Oct-20,,0,
3-Oct-20,,0,
4-Oct-20,,0,
5-Oct-20,,0,
6-Oct-20,,0,
7-Oct-20,,0,
8-Oct-20,,0,
9-Oct-20,,0,
10-Oct-20,,0,
11-Oct-20,,0,
12-Oct-20,,0,
13-Oct-20,,0,
14-Oct-20,,0,
15-Oct-20,,0,
16-Oct-20,,0,
17-Oct-20,,0,
18-Oct-20,,0,
19-Oct-20,,0,
20-Oct-20,,0,
21-Oct-20,,0,
22-Oct-20,,0,
23-Oct-20,,0,
24-Oct-20,,0,
25-Oct-20,,0,
26-Oct-20,,0,
27-Oct-20,,0,
28-Oct-20,,0,
29-Oct-20,,0,
30-Oct-20,,0,
31-Oct-20,,0,
1-Nov-20,,0,
2-Nov-20,,0,
3-Nov-20,,0,
4-Nov-20,,0,
5-Nov-20,,0,
6-Nov-20,,0,
7-Nov-20,,0,
8-Nov-20,,0,
9-Nov-20,,0,
10-Nov-20,,0,
11-Nov-20,,0,
12-Nov-20,,0,
13-Nov-20,,0,
14-Nov-20,,0,
15-Nov-20,,0,
16-Nov-20,,0,
17-Nov-20,,0,
18-Nov-20,,0,
19-Nov-20,,0,
20-Nov-20,,0,
21-Nov-20,,0,
22-Nov-20,,0,
23-Nov-20,,0,
24-Nov-20,,0,
25-Nov-20,,0,
26-Nov-20,,0,
27-Nov-20,,0,
28-Nov-20,,0,
29-Nov-20,,0,
30-Nov-20,,0,
1-Dec-20,,0,
2-Dec-20,,0,
3-Dec-20,,0,
4-Dec-20,,0,
5-Dec-20,,0,
6-Dec-20,,0,
7-Dec-20,,0,
8-Dec-20,,0,
9-Dec-20,,0,
10-Dec-20,,0,
11-Dec-20,,0,
12-Dec-20,,0,
13-Dec-20,,0,
14-Dec-20,,0,
15-Dec-20,,0,
16-Dec-20,,0,
17-Dec-20,,0,
18-Dec-20,,0,
19-Dec-20,,0,
20-Dec-20,,0,
21-Dec-20,,0,
22-Dec-20,,0,
23-Dec-20,,0,
24-Dec-20,,0,
25-Dec-20,,0,
26-Dec-20,,0,
27-Dec-20,,0,
28-Dec-20,,0,
29-Dec-20,,0,
30-Dec-20,,0,
,,,
,,,
,,,
,,,
,,,
,,,
,,,
,,,
